Id,Id2,Geography,State,EMPLOYMENT - 16 and over - In labor force - Civilian labor force - Employed,EMPLOYMENT - 16 and over - In labor force - Civilian labor force - Unemployed,EMPLOYMENT - 16 and over - In labor force - Armed Forces,EMPLOYMENT - 16 and over - Not in labor force,"INDUSTRY - 16 and over - Agriculture, forestry, fishing and hunting, and mining",INDUSTRY - 16 and over - Construction,INDUSTRY - 16 and over - Manufacturing,INDUSTRY - 16 and over - Wholesale trade,INDUSTRY - 16 and over - Retail trade,"INDUSTRY - 16 and over - Transportation and warehousing, and utilities",INDUSTRY - 16 and over - Information,"INDUSTRY - 16 and over - Finance and insurance, and real estate and rental and leasing","INDUSTRY - 16 and over - Professional, scientific, and management, and administrative and waste management services","INDUSTRY - 16 and over - Educational services, and health care and social assistance","INDUSTRY - 16 and over - Arts, entertainment, and recreation, and accommodation and food services","INDUSTRY - 16 and over - Other services, except public administration",INDUSTRY - 16 and over - Public administration,INCOME - Median household income (dollars),HEALTH INSURANCE - With health insurance coverage,HEALTH INSURANCE - With health insurance coverage - With private health insurance,HEALTH INSURANCE - With health insurance coverage - With public coverage,HEALTH INSURANCE - No health insurance coverage
5001500US0101,101,"Congressional District 1 (115th Congress), Alabama",Alabama,292595,17567,850,252645,2881,21178,35033,10225,36159,16652,3072,17871,27676,65580,27030,16318,12920,47083,618616,447407,263642,72566
5001500US0102,102,"Congressional District 2 (115th Congress), Alabama",Alabama,285803,18432,6321,234172,5762,15151,40761,7648,37187,17297,3546,13056,24808,58843,25283,13632,22829,42035,594231,429831,259552,67115
5001500US0103,103,"Congressional District 3 (115th Congress), Alabama",Alabama,301627,21347,3175,243054,4227,18507,51144,6734,32066,13520,4284,18760,24888,71809,26533,13947,15208,46544,639025,484991,252022,57818
5001500US0104,104,"Congressional District 4 (115th Congress), Alabama",Alabama,276595,17966,419,253782,6123,20130,56257,7417,33738,14354,3628,12339,17114,58468,20069,15378,11580,41110,612803,442772,271801,64222
5001500US0105,105,"Congressional District 5 (115th Congress), Alabama",Alabama,325288,17818,1688,230668,2361,20619,46613,6888,37921,14481,5680,11030,47609,67343,27373,13683,23687,51690,643485,520213,228650,57671
5001500US0106,106,"Congressional District 6 (115th Congress), Alabama",Alabama,331531,15368,324,213132,3093,21708,28513,11815,37536,19148,7665,31479,36305,75238,26754,19234,13043,61413,651648,540032,200052,46505
5001500US0107,107,"Congressional District 7 (115th Congress), Alabama",Alabama,264886,32465,598,237625,3075,13112,35266,3840,32513,15234,5672,15118,21582,68256,28216,12743,10259,34664,587748,383991,286688,69076
5001500US0200,200,"Congressional District (at Large) (115th Congress), Alaska",Alaska,357098,30964,15716,171310,15644,23833,15343,8026,41089,28449,7959,11888,28119,85260,31839,15203,44446,76440,617791,483397,211252,100628
5001500US0401,401,"Congressional District 1 (115th Congress), Arizona",Arizona,278890,27463,466,295547,11527,15355,18064,4690,31200,14002,2630,11737,22418,70071,42218,13299,21679,50537,668343,424548,339222,80573
5001500US0402,402,"Congressional District 2 (115th Congress), Arizona",Arizona,308498,21953,6966,254003,4038,15199,18344,4628,38636,11912,5217,17468,45892,77586,34080,14941,20557,49072,647168,447529,312850,53198
5001500US0403,403,"Congressional District 3 (115th Congress), Arizona",Arizona,315887,33254,2327,224717,9771,31467,18950,7962,43829,18018,3529,17488,31124,63747,33915,18675,17412,44224,643701,391876,313617,91318
5001500US0404,404,"Congressional District 4 (115th Congress), Arizona",Arizona,270423,20705,2701,334476,6674,15690,16099,5697,37677,14575,5059,15956,23349,58459,37159,15264,18765,49466,670460,452900,365433,58617
5001500US0405,405,"Congressional District 5 (115th Congress), Arizona",Arizona,362260,19194,386,219536,2031,22442,34580,10534,42046,17234,7703,39632,42901,80439,31302,17338,14078,71693,732897,605098,223345,50546
5001500US0406,406,"Congressional District 6 (115th Congress), Arizona",Arizona,380137,20130,135,225113,2519,20935,23973,11012,43752,15771,8389,50502,58300,79504,38405,16230,10845,67830,696932,525294,254014,65533
5001500US0407,407,"Congressional District 7 (115th Congress), Arizona",Arizona,357775,24472,1057,211229,1157,36412,30101,8097,41171,26586,5534,21726,48565,63529,37274,25394,12229,40991,663612,330837,373454,147877
5001500US0408,408,"Congressional District 8 (115th Congress), Arizona",Arizona,334905,18952,1987,271504,1732,24336,19628,9152,44754,19109,6690,35756,33900,76843,31853,16132,15020,61754,721851,540216,290533,50451
5001500US0409,409,"Congressional District 9 (115th Congress), Arizona",Arizona,423006,24728,768,187940,986,25248,32498,9302,46698,19133,10645,41695,60023,91755,49669,21832,13522,55349,698443,527275,238560,83125
5001500US0501,501,"Congressional District 1 (115th Congress), Arkansas",Arkansas,288895,22271,1229,265202,15381,17335,43608,7862,36884,16802,4353,11750,16095,71346,21482,12900,13097,40492,644375,395410,343653,55868
5001500US0502,502,"Congressional District 2 (115th Congress), Arkansas",Arkansas,343258,16952,2759,236171,3048,19901,26505,9565,44888,20104,10117,22601,29489,93799,28099,18705,16437,49498,699187,502994,297918,49839
5001500US0503,503,"Congressional District 3 (115th Congress), Arkansas",Arkansas,363404,12227,138,240403,4929,24201,55447,7577,56956,18585,4654,16473,37669,76543,34743,16327,9300,47903,716710,516181,293236,71451
5001500US0504,504,"Congressional District 4 (115th Congress), Arkansas",Arkansas,287119,17580,153,260704,9604,18139,46200,4944,42318,15473,3040,10989,15275,70726,22764,13257,14390,39586,642225,405482,333802,54617
5001500US0601,601,"Congressional District 1 (115th Congress), California",California,276541,22081,315,281827,12014,19352,17946,4506,35276,12137,4134,11459,25693,69212,29855,16707,18250,47488,650073,425759,343895,36698
5001500US0602,602,"Congressional District 2 (115th Congress), California",California,339652,21432,1325,226757,10647,20530,21104,8523,34647,11823,9710,24648,47126,74984,42353,18146,15411,66604,664881,475498,291250,40258
5001500US0603,603,"Congressional District 3 (115th Congress), California",California,318838,21559,6358,237826,20172,22883,24708,8643,34166,19757,4445,13609,28646,74686,31779,13826,21518,61508,676405,465670,304419,44400
5001500US0604,604,"Congressional District 4 (115th Congress), California",California,319276,18239,1428,259124,4542,24310,19591,6938,37719,13737,6223,23444,36334,75295,37051,12877,21215,74074,698512,550632,271732,28557
5001500US0605,605,"Congressional District 5 (115th Congress), California",California,369609,24518,698,207286,6656,23960,37992,10793,38905,15557,6476,25100,43316,82673,42388,19287,16506,73006,690802,509800,279339,38838
5001500US0606,606,"Congressional District 6 (115th Congress), California",California,341766,28258,399,228567,2753,21535,18685,9660,37075,20930,6255,21400,40534,73671,32089,20294,36885,51932,716415,432988,354015,42980
5001500US0607,607,"Congressional District 7 (115th Congress), California",California,342321,20698,383,220153,1892,19047,18897,8818,38753,17794,6335,26965,41112,77159,30125,18592,36832,68735,702981,534025,267278,27962
5001500US0608,608,"Congressional District 8 (115th Congress), California",California,268075,28148,9880,242139,3498,18276,16950,5561,35607,24538,2958,11505,24609,57600,29462,14936,22575,49194,654473,374613,349150,51323
5001500US0609,609,"Congressional District 9 (115th Congress), California",California,319957,29608,530,228779,12060,26693,25998,10100,39453,21428,4610,19239,28751,69071,28216,16865,17473,61454,713371,466423,329944,41711
5001500US0610,610,"Congressional District 10 (115th Congress), California",California,317890,32350,364,215556,14929,28228,37822,10388,43115,22748,2556,10969,30884,63156,27854,13715,11526,60235,699561,446252,333988,39360
5001500US0611,611,"Congressional District 11 (115th Congress), California",California,361737,23555,471,218375,1506,24881,19921,8391,36429,16701,10603,33938,62322,77443,36401,18154,15047,86000,707795,545031,258641,44242
5001500US0612,612,"Congressional District 12 (115th Congress), California",California,451411,20386,138,194099,1150,14369,22956,9543,37804,16350,26338,42744,116123,79917,47542,22399,14176,105918,729586,579018,216593,23338
5001500US0613,613,"Congressional District 13 (115th Congress), California",California,395526,21654,1196,208981,1247,20261,26068,8422,32847,20184,15542,21874,75845,98305,37535,23278,14118,73601,709825,528722,256085,41297
5001500US0614,614,"Congressional District 14 (115th Congress), California",California,409163,16196,164,188935,1334,18751,29512,8948,37599,24107,16688,33220,73059,82090,47187,21331,15337,103850,714284,579386,213277,31268
5001500US0615,615,"Congressional District 15 (115th Congress), California",California,390440,16211,367,203257,1003,22110,44542,11734,38232,20861,12922,27514,74881,73205,34465,15963,13008,106291,739375,595438,207404,25841
5001500US0616,616,"Congressional District 16 (115th Congress), California",California,269384,38502,344,223268,28359,17964,24779,7119,32893,15150,2663,9499,20703,56811,25879,14961,12604,40207,656527,295736,426260,60028
5001500US0617,617,"Congressional District 17 (115th Congress), California",California,402653,18043,215,203089,576,14522,74222,8175,31644,11328,22168,18892,104311,68029,25987,14464,8335,121150,749954,611280,191378,20606
5001500US0618,618,"Congressional District 18 (115th Congress), California",California,372806,13542,238,209617,922,16281,47486,6966,27255,8180,21990,23507,88362,75712,32093,15916,8136,125790,713733,601782,190806,21586
5001500US0619,619,"Congressional District 19 (115th Congress), California",California,386082,22787,0,190499,2705,27716,55979,6415,37163,14246,11820,19667,64622,75858,39778,18085,12028,93139,716905,511242,266805,42588
5001500US0620,620,"Congressional District 20 (115th Congress), California",California,339446,19176,5864,216982,46383,20575,22781,8569,38039,11673,7035,12077,30283,75820,36134,15189,14888,67419,669376,447595,296873,57117
5001500US0621,621,"Congressional District 21 (115th Congress), California",California,257410,32713,4765,226024,65536,13372,17522,9407,29078,12867,922,5942,16614,43189,19336,12595,11030,41174,617907,274034,384469,68458
5001500US0622,622,"Congressional District 22 (115th Congress), California",California,318193,27870,1065,218183,22168,16433,23561,11577,32884,15849,4062,16764,27576,83706,26402,16588,20623,56524,698095,446518,330917,52407
5001500US0623,623,"Congressional District 23 (115th Congress), California",California,285049,31096,1387,232391,24898,17520,18535,7145,32264,14569,4270,12561,22496,67171,26131,13436,24053,54437,663172,415294,314305,44676
5001500US0624,624,"Congressional District 24 (115th Congress), California",California,356882,19280,3570,222197,26691,23060,25803,7739,37777,10623,7079,15737,36918,80969,48219,18708,17559,68929,666158,497097,266565,59223
5001500US0625,625,"Congressional District 25 (115th Congress), California",California,328318,22429,358,213331,2476,20673,34495,8370,34135,16686,14155,22473,35758,75133,29359,17482,17123,75367,675382,487872,246203,47181
5001500US0626,626,"Congressional District 26 (115th Congress), California",California,350067,18829,3311,201639,28031,19157,34671,10542,33018,12082,6184,22249,42300,69471,31677,20330,20355,76914,650023,472809,252351,70094
5001500US0627,627,"Congressional District 27 (115th Congress), California",California,351584,17851,112,233538,520,15809,25462,15667,35735,16173,11193,23931,45564,86347,40463,21756,12964,71223,679000,470414,270698,40344
5001500US0628,628,"Congressional District 28 (115th Congress), California",California,387813,30457,319,195384,1215,13997,19875,10040,38310,15144,41001,24911,53619,75088,52876,28750,12987,63940,648622,444744,256045,56989
5001500US0629,629,"Congressional District 29 (115th Congress), California",California,351753,25254,116,198101,2443,33724,34987,8769,40922,15447,15100,17220,41267,68991,38118,27242,7523,50655,637557,329692,343816,85091
5001500US0630,630,"Congressional District 30 (115th Congress), California",California,393313,27679,355,206359,918,18474,27906,9934,38536,13135,30583,32220,62550,82550,44737,23501,8269,76778,706058,533115,243405,49957
5001500US0631,631,"Congressional District 31 (115th Congress), California",California,319969,29564,227,216545,1835,19108,28084,10990,42149,29000,4543,13517,30659,77865,28055,18104,16060,58668,665920,399778,317385,62919
5001500US0632,632,"Congressional District 32 (115th Congress), California",California,345826,22692,146,209743,1745,22676,37976,17701,39888,21180,5611,18019,38874,73585,35161,19159,14251,67101,650455,397434,297323,65555
5001500US0633,633,"Congressional District 33 (115th Congress), California",California,372187,20938,556,210285,500,9591,28671,11883,25704,11611,34761,40550,74205,74215,37128,14947,8421,101956,683476,583949,171374,26620
5001500US0634,634,"Congressional District 34 (115th Congress), California",California,375471,26429,103,211753,1197,26063,36503,13933,43346,17964,14535,19580,47415,62751,56128,27949,8107,40847,619733,292624,354719,127164
5001500US0635,635,"Congressional District 35 (115th Congress), California",California,334328,30979,187,206143,3343,27215,37285,13363,42999,35149,3358,14757,35413,59998,30731,18545,12172,57159,637068,365598,306492,86776
5001500US0636,636,"Congressional District 36 (115th Congress), California",California,284429,29082,539,281480,9327,23977,15648,4480,40237,15770,3646,12078,35505,53578,43394,13810,12979,44567,661759,355672,397437,78075
5001500US0637,637,"Congressional District 37 (115th Congress), California",California,368277,25121,0,211508,706,15803,18493,7051,36842,19486,25335,22742,60622,76167,50342,24329,10359,55190,650992,427382,277518,75830
5001500US0638,638,"Congressional District 38 (115th Congress), California",California,322034,21046,500,220528,1235,18322,41195,14593,38584,24069,5535,16567,28301,72051,33195,13766,14621,66421,647168,438158,257499,58174
5001500US0639,639,"Congressional District 39 (115th Congress), California",California,356657,20250,364,215611,1941,16638,43002,17193,41043,18472,6670,28459,44084,74737,34974,15850,13594,85188,686622,507327,237702,41058
5001500US0640,640,"Congressional District 40 (115th Congress), California",California,316673,27256,229,195150,1387,23417,52228,19816,41086,28377,4317,8762,25997,53303,32530,18282,7171,42902,616068,272069,368546,105390
5001500US0641,641,"Congressional District 41 (115th Congress), California",California,327314,31078,692,216938,2582,29842,35873,12200,41502,31821,3756,14865,28827,66658,31121,13603,14664,62069,682578,408864,324223,73680
5001500US0642,642,"Congressional District 42 (115th Congress), California",California,351730,26626,1547,230511,1793,30604,32464,10498,43859,19329,5713,20488,37842,77358,35672,18537,17573,76504,732055,525012,277873,54681
5001500US0643,643,"Congressional District 43 (115th Congress), California",California,344851,24895,50,203439,1277,16468,34458,9746,37128,27931,10606,17823,45269,69514,39324,21648,13659,54614,644811,401666,294507,76687
5001500US0644,644,"Congressional District 44 (115th Congress), California",California,316332,28413,379,198921,2954,25481,46408,14027,37399,28056,5545,12519,29528,53012,32930,18213,10260,50890,636666,333082,340752,81997
5001500US0645,645,"Congressional District 45 (115th Congress), California",California,392853,20443,0,216700,1990,12950,45871,16062,36788,10587,9273,42837,67091,81159,36639,19663,11943,97356,742203,605649,199871,30064
5001500US0646,646,"Congressional District 46 (115th Congress), California",California,359782,20807,54,184997,2662,26537,52156,12074,44694,14201,5580,19769,45921,55293,51992,20052,8851,61304,627843,356998,307866,98449
5001500US0647,647,"Congressional District 47 (115th Congress), California",California,348747,21910,229,202584,1271,16288,40842,10597,33616,22243,7231,21600,43496,77235,40597,22707,11024,65450,656691,439207,269815,54666
5001500US0648,648,"Congressional District 48 (115th Congress), California",California,373302,17252,351,210537,1452,18270,39325,12403,45483,12752,8165,36254,60421,65243,39405,22649,11480,88903,682306,523113,233743,42922
5001500US0649,649,"Congressional District 49 (115th Congress), California",California,344722,15051,25602,197827,3378,20144,39448,11771,32416,10301,7441,25766,60929,63147,37441,19142,13398,80877,664245,521423,220205,47238
5001500US0650,650,"Congressional District 50 (115th Congress), California",California,352978,23424,3992,210103,8058,30871,30933,10675,42412,14777,5969,18981,47449,70368,37968,19232,15285,71692,684259,474861,285122,58450
5001500US0651,651,"Congressional District 51 (115th Congress), California",California,300511,37228,13984,230420,7838,22615,20873,6386,38597,17261,3316,12366,31688,57920,43720,19660,18271,46639,631772,325192,350863,81768
5001500US0652,652,"Congressional District 52 (115th Congress), California",California,372893,18827,18956,208841,1325,10681,41266,8364,32341,14195,10430,29832,75426,79538,35399,17752,16344,90854,695442,595352,180588,30847
5001500US0653,653,"Congressional District 53 (115th Congress), California",California,388437,27619,9078,204314,1369,18218,26479,7956,40942,16256,8412,23495,57571,90273,44533,23396,29537,69314,702972,529184,247472,50475
5001500US0801,801,"Congressional District 1 (115th Congress), Colorado",Colorado,447112,19484,422,195853,3618,34119,22196,10177,41481,18558,14482,40325,75154,95951,50123,23942,16986,62718,739628,539359,271142,67415
5001500US0802,802,"Congressional District 2 (115th Congress), Colorado",Colorado,435127,21283,411,209497,6873,27762,35717,7967,41235,13967,11935,24399,67843,101402,56230,20819,18978,75659,751809,623250,209046,46829
5001500US0803,803,"Congressional District 3 (115th Congress), Colorado",Colorado,346147,23200,344,224789,13133,32592,17326,8233,43094,15475,5779,18971,33370,75182,47466,17842,17684,50817,659323,433554,315454,70553
5001500US0804,804,"Congressional District 4 (115th Congress), Colorado",Colorado,391863,18612,580,205718,18780,31980,33825,10424,45421,21157,10437,25383,50663,74829,32511,19159,17294,67878,732062,570212,243392,50246
5001500US0805,805,"Congressional District 5 (115th Congress), Colorado",Colorado,354541,21907,30382,214385,2593,25452,21496,6498,37893,13715,9171,24156,45563,83467,36583,22006,25948,62372,696497,524723,277538,45796
5001500US0806,806,"Congressional District 6 (115th Congress), Colorado",Colorado,429376,17878,2070,180509,4347,32832,25713,12142,47811,26615,16414,37639,64312,84167,41031,20673,15680,76451,747303,603194,212367,57985
5001500US0807,807,"Congressional District 7 (115th Congress), Colorado",Colorado,423174,18070,661,184434,6154,41364,33649,15811,51277,21763,10019,23012,58663,76926,45226,21363,17947,66063,711395,528407,257492,70919
5001500US0901,901,"Congressional District 1 (115th Congress), Connecticut",Connecticut,357910,23174,269,194881,742,18063,36192,9199,38161,13882,7211,39799,39496,94049,26581,18754,15781,70215,677451,507724,253355,27755
5001500US0902,902,"Congressional District 2 (115th Congress), Connecticut",Connecticut,362276,23451,6816,194782,2642,22980,42959,9706,40126,12904,6261,24900,33226,94026,43285,15716,13545,74784,661094,518561,240901,21426
5001500US0903,903,"Congressional District 3 (115th Congress), Connecticut",Connecticut,369747,26072,350,198990,505,18140,39335,7478,38854,12612,8442,23360,42610,117098,28861,17922,14530,67774,676113,500587,254524,34433
5001500US0904,904,"Congressional District 4 (115th Congress), Connecticut",Connecticut,365249,28975,91,186008,1096,23666,25938,9165,36988,13794,9945,44686,59915,82553,30216,19342,7945,94862,670768,514811,227291,56114
5001500US0905,905,"Congressional District 5 (115th Congress), Connecticut",Connecticut,356587,22212,435,201403,1471,23863,43751,9829,39037,11092,9925,27569,40627,94395,24200,17532,13296,68904,667514,494492,257673,32486
5001500US1000,1000,"Congressional District (at Large) (115th Congress), Delaware",Delaware,444321,26678,2529,297531,4001,33546,35022,9352,54049,21995,5639,39722,45030,116136,40799,18214,20816,61757,884796,670079,348257,53139
5001500US1198,1198,"Delegate District (at Large) (115th Congress), District of Columbia",DC,364797,27119,3328,174688,528,9659,4429,2026,16955,13119,12562,24139,83348,67446,37492,34800,58294,75506,644639,459017,248883,26346
5001500US1201,1201,"Congressional District 1 (115th Congress), Florida",Florida,324645,20557,26003,246656,2513,21962,18069,4243,48030,16012,4450,22540,40438,64917,41022,14887,25562,53006,649788,512954,256033,69523
5001500US1202,1202,"Congressional District 2 (115th Congress), Florida",Florida,286462,20095,3513,286178,6914,23755,16005,4704,38594,12167,3760,16678,29700,60088,28692,15243,30162,46062,598184,436145,266684,81774
5001500US1203,1203,"Congressional District 3 (115th Congress), Florida",Florida,309131,19051,2818,266425,4590,20310,16812,5447,40372,14692,4269,20281,28919,91098,31280,15822,15239,45970,635426,470378,256992,72132
5001500US1204,1204,"Congressional District 4 (115th Congress), Florida",Florida,386708,15792,14022,218173,1222,22879,18333,11175,41471,20810,6151,51120,54158,78177,40166,18559,22487,68229,692956,577328,208956,67556
5001500US1205,1205,"Congressional District 5 (115th Congress), Florida",Florida,312376,27910,2446,233452,1449,20173,13090,8001,39802,19390,3188,24257,36801,72335,34354,13355,26181,40932,620583,409412,282300,80271
5001500US1206,1206,"Congressional District 6 (115th Congress), Florida",Florida,311432,19992,203,313425,2593,26391,16212,7615,45525,16764,5318,19128,35801,67187,38868,15643,14387,46882,670112,473063,325160,89098
5001500US1207,1207,"Congressional District 7 (115th Congress), Florida",Florida,380234,19854,1014,226188,1302,25721,21729,7675,42750,16321,10630,30358,62374,81709,48564,19220,11881,57146,664258,530933,201405,93582
5001500US1208,1208,"Congressional District 8 (115th Congress), Florida",Florida,302423,19633,1180,304381,3099,20524,27025,3762,39150,16154,3739,16016,41056,65776,34476,17522,14124,50752,664829,475508,318702,73870
5001500US1209,1209,"Congressional District 9 (115th Congress), Florida",Florida,363687,24790,114,265022,2751,21245,15117,10914,51622,27743,4796,23744,41602,64048,70145,17628,12332,49899,717479,491677,304381,107014
5001500US1210,1210,"Congressional District 10 (115th Congress), Florida",Florida,402107,28438,431,196810,2244,27091,17308,11153,48769,22253,6417,25520,51531,69556,96731,14977,8557,50151,679446,481273,253217,105713
5001500US1211,1211,"Congressional District 11 (115th Congress), Florida",Florida,245881,17830,0,391216,2843,22008,11280,4899,41264,13106,3710,12606,23226,56215,28732,13819,12173,43610,669551,441228,406633,72923
5001500US1212,1212,"Congressional District 12 (115th Congress), Florida",Florida,312959,22088,986,299506,1396,25951,16566,7975,45471,13617,4307,25713,41758,71591,31520,16265,10829,49774,670925,480366,306054,82198
5001500US1213,1213,"Congressional District 13 (115th Congress), Florida",Florida,339471,21896,880,256225,1057,17085,24950,7072,44273,12681,5820,32090,49154,76077,39054,16249,13909,48519,637607,443930,294351,82668
5001500US1214,1214,"Congressional District 14 (115th Congress), Florida",Florida,387351,25626,1836,206199,1690,27051,18745,10259,43603,16716,9415,40554,56908,86674,45276,19054,11406,51410,671481,480990,251926,93837
5001500US1215,1215,"Congressional District 15 (115th Congress), Florida",Florida,352126,19208,1081,235579,4469,22560,20446,7377,57346,17880,5191,29713,45205,67681,46419,14905,12934,53784,667792,477522,268310,87494
5001500US1216,1216,"Congressional District 16 (115th Congress), Florida",Florida,346227,20221,812,300590,6651,28002,20256,7362,48667,15556,6903,29270,42161,72732,40075,17038,11554,55447,707622,530257,320107,88621
5001500US1217,1217,"Congressional District 17 (115th Congress), Florida",Florida,275539,22225,559,350651,9863,30569,12800,6332,42623,12853,5789,14272,26650,58068,27808,13827,14085,45508,661223,443968,378684,91224
5001500US1218,1218,"Congressional District 18 (115th Congress), Florida",Florida,335679,15498,743,277022,4703,26175,16641,7278,48588,16537,7153,24832,44441,65308,39285,18916,15822,54913,654788,488095,296563,93243
5001500US1219,1219,"Congressional District 19 (115th Congress), Florida",Florida,329690,19736,65,326074,2114,34649,10352,8957,44707,12049,6143,25025,42776,65857,48162,18032,10867,54812,698131,529772,341644,94579
5001500US1220,1220,"Congressional District 20 (115th Congress), Florida",Florida,370170,28338,281,224516,3162,31325,19735,7607,52227,22088,9057,22468,43835,78452,44853,21174,14187,43677,643358,423317,272683,137578
5001500US1221,1221,"Congressional District 21 (115th Congress), Florida",Florida,345838,23981,109,260812,948,30785,13137,7431,44533,13618,6718,24099,56882,73208,41301,22197,10981,55864,665128,475439,298481,90001
5001500US1222,1222,"Congressional District 22 (115th Congress), Florida",Florida,370093,23705,267,224841,671,24433,19306,12375,48062,18792,7562,35174,55153,74175,39884,22150,12356,60159,644366,490488,242278,88295
5001500US1223,1223,"Congressional District 23 (115th Congress), Florida",Florida,378041,20554,508,217540,1817,20349,15664,18107,46296,20328,8589,37195,54196,78312,42347,18098,16743,61513,673189,523136,203467,74132
5001500US1224,1224,"Congressional District 24 (115th Congress), Florida",Florida,339390,31709,115,233050,741,26633,12097,9917,47211,30004,5049,16963,38709,68695,50364,20734,12273,38441,585356,333532,284740,155482
5001500US1225,1225,"Congressional District 25 (115th Congress), Florida",Florida,355888,18052,116,258056,9545,34263,22442,13653,43518,33311,5157,25296,46487,55490,34483,22676,9567,46247,609324,374927,288189,147036
5001500US1226,1226,"Congressional District 26 (115th Congress), Florida",Florida,374225,21323,1836,235554,7169,30189,12485,10524,46260,28750,5876,26796,41390,80223,46322,22252,15989,54453,651902,416102,271523,126815
5001500US1227,1227,"Congressional District 27 (115th Congress), Florida",Florida,381715,17798,684,228025,1701,31034,13561,14012,39487,23866,8552,36218,55845,72034,48135,24421,12849,51958,645428,450957,229074,97588
5001500US1301,1301,"Congressional District 1 (115th Congress), Georgia",Georgia,316254,28201,15389,217761,3906,21174,29392,7415,42019,23030,5146,15923,27161,66111,37375,13959,23643,50931,613468,449647,247320,91733
5001500US1302,1302,"Congressional District 2 (115th Congress), Georgia",Georgia,254588,25065,10584,236698,9531,12769,30885,4840,32013,13766,2878,14464,17477,59605,25422,14251,16687,35617,548358,352812,273840,90100
5001500US1303,1303,"Congressional District 3 (115th Congress), Georgia",Georgia,333783,21993,1209,220243,1165,22545,47247,10292,39238,26736,5578,20923,28908,67173,30799,16162,17017,56240,638638,512344,217498,82742
5001500US1304,1304,"Congressional District 4 (115th Congress), Georgia",Georgia,354546,27467,1211,196273,1132,24112,27194,10354,40977,26072,10130,20576,47327,77940,32048,19111,17573,51686,638177,456858,244740,107749
5001500US1305,1305,"Congressional District 5 (115th Congress), Georgia",Georgia,369894,30201,480,208705,426,13659,20414,10746,37016,27955,13466,25847,60865,77906,46195,18419,16980,48269,642311,480392,222218,94731
5001500US1306,1306,"Congressional District 6 (115th Congress), Georgia",Georgia,406412,15536,147,175179,1323,20808,25382,14148,37348,15192,17885,40632,93838,70584,39029,18829,11414,87139,678629,601678,144920,75444
5001500US1307,1307,"Congressional District 7 (115th Congress), Georgia",Georgia,397763,13170,406,187388,671,29670,37139,15473,50125,16889,13215,32803,67764,63877,36991,23080,10066,72481,673722,557400,168835,111183
5001500US1308,1308,"Congressional District 8 (115th Congress), Georgia",Georgia,296929,18614,4831,237491,12248,17666,31129,6891,36101,14176,3309,13602,24061,69143,26643,13986,27974,44360,589796,418965,258920,97898
5001500US1309,1309,"Congressional District 9 (115th Congress), Georgia",Georgia,320581,13526,644,253233,7847,27065,56588,11325,42347,15313,4120,12970,25998,61214,28905,15375,11514,50154,625017,461168,260954,104529
5001500US1310,1310,"Congressional District 10 (115th Congress), Georgia",Georgia,331415,20513,538,234555,4160,23482,37005,8249,42667,20087,5318,17672,32484,77493,30225,15302,17271,51532,650246,497360,230392,78623
5001500US1311,1311,"Congressional District 11 (115th Congress), Georgia",Georgia,388596,18832,1180,190254,1289,32385,35559,13610,45309,18220,9044,33599,60308,67486,41657,18493,11637,69610,655305,553769,171370,102517
5001500US1312,1312,"Congressional District 12 (115th Congress), Georgia",Georgia,289961,22661,10423,243483,7228,22483,31009,6031,38223,19156,4229,9151,22574,70110,28629,11839,19299,43933,602225,439497,252830,86372
5001500US1313,1313,"Congressional District 13 (115th Congress), Georgia",Georgia,356040,25880,870,183070,187,22728,22119,12340,43551,41842,10754,21766,37099,70436,32799,18837,21582,57342,646152,479533,236827,94247
5001500US1314,1314,"Congressional District 14 (115th Congress), Georgia",Georgia,319185,18870,899,215791,2593,29129,69306,8386,37479,15815,4422,15056,26538,56456,26517,15681,11807,48691,609171,448342,239653,91705
5001500US1501,1501,"Congressional District 1 (115th Congress), Hawaii",Hawaii,351930,12497,19859,191566,1661,23697,10721,8233,40479,20163,5627,26354,36432,74729,54063,14508,35263,78180,659506,556061,212141,20212
5001500US1502,1502,"Congressional District 2 (115th Congress), Hawaii",Hawaii,334557,19299,18468,204145,5523,29983,8764,6993,38349,19352,4158,22067,35155,63149,60200,15001,25863,70867,670551,508997,257349,28461
5001500US1601,1601,"Congressional District 1 (115th Congress), Idaho",Idaho,386897,20806,549,267683,16028,27959,40246,9549,51148,20497,7176,24110,36509,83267,34339,15980,20089,52199,762817,593634,287567,90452
5001500US1602,1602,"Congressional District 2 (115th Congress), Idaho",Idaho,375891,16697,2542,225534,23762,21942,35942,10281,42683,18935,4758,18304,42939,88341,35865,14381,17758,51294,731940,572182,255033,77658
5001500US1701,1701,"Congressional District 1 (115th Congress), Illinois",Illinois,312478,34425,0,211350,349,16219,24263,8807,32811,26962,5105,20358,31032,85932,28155,13534,18951,50523,650109,448497,278822,37502
5001500US1702,1702,"Congressional District 2 (115th Congress), Illinois",Illinois,307815,45776,96,209718,1659,11199,29499,6657,33424,34391,6048,19348,28461,82767,25468,13738,15156,48417,659092,423274,314352,48957
5001500US1703,1703,"Congressional District 3 (115th Congress), Illinois",Illinois,338513,26175,49,198128,447,22690,36330,12652,37029,30089,7084,24219,36542,64641,32668,18388,15734,66270,656007,479007,244887,57023
5001500US1704,1704,"Congressional District 4 (115th Congress), Illinois",Illinois,346780,23985,83,168140,752,21525,50015,10254,34851,21731,5140,19004,47568,59909,48028,19404,8599,51383,584086,362230,251949,108974
5001500US1705,1705,"Congressional District 5 (115th Congress), Illinois",Illinois,424109,16317,193,160404,788,16205,32477,12002,32488,26341,11081,43945,86486,89986,35852,22281,14177,80269,673914,570130,157087,44794
5001500US1706,1706,"Congressional District 6 (115th Congress), Illinois",Illinois,382811,15396,190,179626,583,20574,45093,14993,40720,19567,10938,35403,56858,80803,31200,16967,9112,97387,683789,600422,159088,34010
5001500US1707,1707,"Congressional District 7 (115th Congress), Illinois",Illinois,347246,35777,235,209363,673,10585,26407,10452,30220,23255,7225,32268,60985,83328,35426,12632,13790,54147,652870,406883,297556,55277
5001500US1708,1708,"Congressional District 8 (115th Congress), Illinois",Illinois,373713,19633,243,169955,916,21739,57841,16387,44831,27912,7426,25264,50720,61727,31658,19073,8219,67745,653198,496677,217415,60711
5001500US1709,1709,"Congressional District 9 (115th Congress), Illinois",Illinois,358829,15318,208,214692,578,13590,27307,9921,32856,22521,9518,31730,52738,92588,35992,20176,9314,67084,671474,527493,217298,42889
5001500US1710,1710,"Congressional District 10 (115th Congress), Illinois",Illinois,353897,19567,10102,174454,641,16039,52068,15754,40122,17118,6424,28087,51527,71953,31780,14544,7840,74971,637353,510346,193690,55779
5001500US1711,1711,"Congressional District 11 (115th Congress), Illinois",Illinois,371550,19476,215,173692,886,25000,45202,13042,46697,25769,6520,26872,45266,76920,32062,17246,10068,72198,674807,533978,209640,51172
5001500US1712,1712,"Congressional District 12 (115th Congress), Illinois",Illinois,303395,22275,4302,226655,4659,16681,34144,6741,40167,18953,3070,15988,22383,75887,30641,15138,18943,47430,634713,447936,284510,38442
5001500US1713,1713,"Congressional District 13 (115th Congress), Illinois",Illinois,337195,20422,484,225507,5902,16315,33494,8630,41906,16898,5380,20445,24226,98144,34739,16723,14393,49758,662973,512444,242077,28555
5001500US1714,1714,"Congressional District 14 (115th Congress), Illinois",Illinois,376906,19268,269,170706,4111,25211,55918,13628,48756,19896,5430,28175,44276,76648,30055,14681,10121,90345,703443,603838,172277,29721
5001500US1715,1715,"Congressional District 15 (115th Congress), Illinois",Illinois,313288,18360,270,227474,15008,20516,48343,8580,33868,19093,4363,16688,18302,79871,20074,14691,13891,49927,642185,468152,272298,36793
5001500US1716,1716,"Congressional District 16 (115th Congress), Illinois",Illinois,329425,22597,292,203868,9214,20195,56088,9034,37837,22150,4917,16482,24028,74814,26427,15806,12433,57182,645176,494379,248218,29396
5001500US1717,1717,"Congressional District 17 (115th Congress), Illinois",Illinois,311588,26225,364,217086,7156,19082,52596,7248,38347,18307,4661,13707,23742,74670,27001,14175,10896,45360,642341,446137,299467,33761
5001500US1718,1718,"Congressional District 18 (115th Congress), Illinois",Illinois,341881,18107,242,213813,9315,18576,42125,10973,37963,17294,4031,30431,25843,86430,24767,16440,17693,60857,676256,552459,231798,22846
5001500US1801,1801,"Congressional District 1 (115th Congress), Indiana",Indiana,325472,20532,585,219327,1300,23162,55281,7749,34271,21411,4408,15399,25207,75800,35133,16243,10108,56370,653750,488746,249180,45684
5001500US1802,1802,"Congressional District 2 (115th Congress), Indiana",Indiana,332394,21894,625,208867,4729,15345,92177,8483,34110,14866,3603,12468,18956,76409,26958,15741,8549,51292,635720,478354,243683,78358
5001500US1803,1803,"Congressional District 3 (115th Congress), Indiana",Indiana,355122,16399,374,200583,4651,20567,94991,8876,41096,14365,7347,16020,23579,72247,27276,17463,6644,51453,661612,503026,242675,70854
5001500US1804,1804,"Congressional District 4 (115th Congress), Indiana",Indiana,360613,18612,132,219759,7223,21503,69007,9203,39710,19953,5827,16517,26895,88034,30450,15503,10788,53996,682888,554092,224605,53042
5001500US1805,1805,"Congressional District 5 (115th Congress), Indiana",Indiana,396922,15346,373,190428,2698,18215,51482,11561,40383,17142,8511,33623,48504,97755,36335,18242,12471,67461,712927,596932,204856,46950
5001500US1806,1806,"Congressional District 6 (115th Congress), Indiana",Indiana,336245,16544,211,228617,6947,25759,72957,8397,34023,17284,3194,12422,24255,77426,27468,13884,12229,51033,646928,501566,241646,61140
5001500US1807,1807,"Congressional District 7 (115th Congress), Indiana",Indiana,352020,24263,108,198457,331,20606,36974,13208,45192,29647,4947,22594,38218,77217,36255,14340,12491,41429,670861,442724,297517,72293
5001500US1808,1808,"Congressional District 8 (115th Congress), Indiana",Indiana,339972,14851,460,217602,9000,19980,68164,8311,37764,18005,5744,14285,22406,78058,28615,15774,13866,50261,647400,504506,242481,53292
5001500US1809,1809,"Congressional District 9 (115th Congress), Indiana",Indiana,366256,18774,604,220154,4250,22360,55476,8884,41149,20110,4972,20967,27208,93799,33053,18593,15435,55078,692465,553556,230563,48750
5001500US1901,1901,"Congressional District 1 (115th Congress), Iowa",Iowa,402399,16188,340,196223,13858,25330,70625,12951,48501,17627,6466,24925,29365,95770,28216,18609,10156,57402,729228,582521,258756,31857
5001500US1902,1902,"Congressional District 2 (115th Congress), Iowa",Iowa,387574,16314,589,216403,11460,23580,64734,9417,44778,16076,6101,22241,26263,105349,29409,17740,10426,52150,733743,566593,276785,33858
5001500US1903,1903,"Congressional District 3 (115th Congress), Iowa",Iowa,434307,19209,587,188280,9978,28675,35379,13658,50647,22722,8694,62934,39385,91306,34067,20820,16042,62323,779908,615820,267798,34396
5001500US1904,1904,"Congressional District 4 (115th Congress), Iowa",Iowa,389338,14518,92,206833,26414,23831,58781,13123,44804,19483,6223,19967,22695,98329,25583,18208,11897,53335,716946,562023,265651,31501
5001500US2001,2001,"Congressional District 1 (115th Congress), Kansas",Kansas,334996,16336,10848,192489,24989,22986,44839,9219,35771,14396,4973,13493,20279,85685,27391,15564,15411,48156,618561,506843,207453,65039
5001500US2002,2002,"Congressional District 2 (115th Congress), Kansas",Kansas,345220,15543,2591,209715,8554,21440,42489,7199,38306,19707,7259,17533,24318,92608,28094,15138,22575,51778,646555,528467,225208,54016
5001500US2003,2003,"Congressional District 3 (115th Congress), Kansas",Kansas,399213,17127,192,170158,1815,22307,34945,13358,42399,19195,11061,34278,64769,87724,34303,20730,12329,71562,692995,586644,184619,61860
5001500US2004,2004,"Congressional District 4 (115th Congress), Kansas",Kansas,346705,17997,1377,192831,6177,20061,58965,10839,35783,15324,5682,16635,32759,82200,32730,17434,12116,52054,643777,520190,214070,68059
5001500US2101,2101,"Congressional District 1 (115th Congress), Kentucky",Kentucky,288177,17527,8262,260367,10928,19617,53329,4891,36164,16439,2609,10250,17395,67127,23468,14997,10963,40253,648260,425983,324840,47419
5001500US2102,2102,"Congressional District 2 (115th Congress), Kentucky",Kentucky,346341,19862,3432,229727,5537,23909,63343,9778,43818,21955,5917,15069,22121,76632,30384,14864,13014,49960,711176,519940,297514,30476
5001500US2103,2103,"Congressional District 3 (115th Congress), Kentucky",Kentucky,370777,22844,286,202193,1100,16462,45023,10510,43325,31715,7790,28519,35797,84330,40006,15037,11163,51070,700495,514974,287184,32166
5001500US2104,2104,"Congressional District 4 (115th Congress), Kentucky",Kentucky,360744,17089,1187,215276,3326,21673,51880,11515,41147,24768,7024,29850,32025,78264,29604,16152,13516,60912,710066,539141,268475,30895
5001500US2105,2105,"Congressional District 5 (115th Congress), Kentucky",Kentucky,220693,23773,0,320448,6510,12831,26424,4161,27120,12598,4452,9622,16872,63740,16586,10279,9498,30585,650088,336863,401474,37134
5001500US2106,2106,"Congressional District 6 (115th Congress), Kentucky",Kentucky,367910,23582,808,220752,6614,19418,51740,8520,44971,14838,5291,18459,32689,93083,37359,15632,19296,50659,710945,504947,294010,45260
5001500US2201,2201,"Congressional District 1 (115th Congress), Louisiana",Louisiana,374679,21417,1721,237992,11619,32379,22137,13355,42392,21547,5594,21726,42599,88833,37747,17930,16821,56938,717387,526350,280449,78878
5001500US2202,2202,"Congressional District 2 (115th Congress), Louisiana",Louisiana,346530,35654,1216,248539,4405,24337,23160,7650,40997,24588,6583,16676,32530,78858,49603,18899,18244,36798,689003,415706,346616,86997
5001500US2203,2203,"Congressional District 3 (115th Congress), Louisiana",Louisiana,338969,27885,174,246468,27960,30452,26816,9760,39802,13906,5708,14389,27260,72637,39432,16504,14343,44668,693938,475936,304418,83914
5001500US2204,2204,"Congressional District 4 (115th Congress), Louisiana",Louisiana,295010,24728,11513,259222,11736,23420,22483,5549,35899,14012,3920,12639,21765,76746,32784,16231,17826,39748,647610,431597,310808,77554
5001500US2205,2205,"Congressional District 5 (115th Congress), Louisiana",Louisiana,284933,21093,1230,282190,14432,16981,21057,8053,33699,13648,4397,14031,20435,79143,23744,15747,19566,36718,634280,403787,318186,74260
5001500US2206,2206,"Congressional District 6 (115th Congress), Louisiana",Louisiana,380830,20434,391,227982,7226,37338,34584,9098,40807,19567,7262,24124,37154,90993,39190,16457,17030,59270,725132,557437,250077,68229
5001500US2301,2301,"Congressional District 1 (115th Congress), Maine",Maine,353986,11538,1374,196413,4597,23040,31048,8694,46547,11625,6215,24600,36724,95361,34099,16442,14994,61173,625201,504522,216787,42442
5001500US2302,2302,"Congressional District 2 (115th Congress), Maine",Maine,304490,19022,460,221428,9810,23262,24892,5925,42063,13944,3769,12697,22523,89782,27205,15038,13580,46638,585974,421894,263238,63531
5001500US2401,2401,"Congressional District 1 (115th Congress), Maryland",Maryland,363980,20538,1024,212405,6476,29090,23900,8469,44760,16035,6984,23406,41128,85990,31913,19220,26609,69254,691858,541854,263970,32779
5001500US2402,2402,"Congressional District 2 (115th Congress), Maryland",Maryland,377034,20813,6797,197935,998,23538,20300,6867,41203,22312,7349,22694,51855,94339,33681,17116,34782,69128,698514,529981,257138,44310
5001500US2403,2403,"Congressional District 3 (115th Congress), Maryland",Maryland,411145,19673,5977,185068,577,21447,17749,9095,39770,17540,9814,27791,64865,103831,31592,22673,44401,83620,714141,584456,222490,40222
5001500US2404,2404,"Congressional District 4 (115th Congress), Maryland",Maryland,402971,25029,3478,161021,307,33218,12791,6817,39013,24281,9393,22479,60002,90443,35027,22465,46735,79350,671244,521067,232091,76599
5001500US2405,2405,"Congressional District 5 (115th Congress), Maryland",Maryland,390677,21138,5293,195049,1523,31367,11674,4881,36760,22819,6763,20389,54671,84161,27814,21901,65954,95442,708171,595860,209077,40477
5001500US2406,2406,"Congressional District 6 (115th Congress), Maryland",Maryland,379277,19996,1443,203109,3329,21700,20701,6462,38128,14239,10126,23860,70891,81448,34740,21011,32642,75774,693336,551160,231547,46193
5001500US2407,2407,"Congressional District 7 (115th Congress), Maryland",Maryland,343283,28641,1027,211285,511,12313,14547,6453,27631,18158,4822,21435,54199,102182,29678,16669,34685,61392,673979,479572,276260,38489
5001500US2408,2408,"Congressional District 8 (115th Congress), Maryland",Maryland,405556,19407,3490,176397,1527,26589,11799,5293,28653,11777,10297,28244,80939,94896,33790,26541,45211,98991,704113,603048,196307,44110
5001500US2501,2501,"Congressional District 1 (115th Congress), Massachusetts",Massachusetts,354907,23706,663,220954,2251,20133,39542,6715,45397,17084,5121,22438,28844,108191,31801,14170,13220,55716,698851,476900,328342,22183
5001500US2502,2502,"Congressional District 2 (115th Congress), Massachusetts",Massachusetts,383572,21268,595,209406,2599,23633,40149,9517,42174,14827,8678,21935,39827,114798,31609,17619,16207,64868,722088,551400,261917,16209
5001500US2503,2503,"Congressional District 3 (115th Congress), Massachusetts",Massachusetts,397726,22039,841,192619,1555,22721,54185,7531,43144,14279,10470,21181,55120,104458,31243,17475,14364,77995,728358,540440,278887,21669
5001500US2504,2504,"Congressional District 4 (115th Congress), Massachusetts",Massachusetts,395403,16376,336,193931,1088,20602,38478,9679,42756,12875,7946,35915,54880,114773,26552,15715,14144,98530,731172,613343,211100,13455
5001500US2505,2505,"Congressional District 5 (115th Congress), Massachusetts",Massachusetts,421203,17083,966,186231,315,17797,31534,9337,38497,10902,11426,34129,81427,120059,31166,19671,14943,92268,731089,601991,226648,22375
5001500US2506,2506,"Congressional District 6 (115th Congress), Massachusetts",Massachusetts,403265,18616,471,202256,1885,23469,38623,7050,41207,15429,9857,29934,56966,103367,36493,21149,17836,84913,743031,598005,256580,14826
5001500US2507,2507,"Congressional District 7 (115th Congress), Massachusetts",Massachusetts,426624,33275,398,201512,379,16979,20545,9669,36301,16578,11038,30942,69968,129388,47807,22225,14805,60873,747152,490696,311184,27065
5001500US2508,2508,"Congressional District 8 (115th Congress), Massachusetts",Massachusetts,419830,24796,793,195827,638,25652,22721,10244,42018,16436,8863,43533,61097,112727,38276,20965,16660,82333,748648,579408,264758,15655
5001500US2509,2509,"Congressional District 9 (115th Congress), Massachusetts",Massachusetts,368480,21681,456,223886,4915,33114,24707,11397,47440,13806,7089,24271,37322,93408,36180,18778,16053,68173,714569,522946,319529,17622
5001500US2601,2601,"Congressional District 1 (115th Congress), Michigan",Michigan,298122,18892,670,267182,8727,21823,33856,6180,39104,13151,5749,14147,20806,71644,33428,15440,14067,46927,641811,475249,306456,39936
5001500US2602,2602,"Congressional District 2 (115th Congress), Michigan",Michigan,354701,18733,185,204117,7807,19441,81708,9704,39221,14885,4078,14414,27234,75444,34087,18268,8410,52919,687411,521610,269568,39203
5001500US2603,2603,"Congressional District 3 (115th Congress), Michigan",Michigan,354352,16746,396,206580,7009,16593,67751,11111,36678,12466,5920,21150,31056,81678,34006,17612,11322,57926,685847,520224,257046,38103
5001500US2604,2604,"Congressional District 4 (115th Congress), Michigan",Michigan,300719,18577,127,254868,7287,21275,51472,5544,36899,12985,4262,12936,20124,72614,27692,14868,12761,48434,646841,492065,276941,40858
5001500US2605,2605,"Congressional District 5 (115th Congress), Michigan",Michigan,283223,29703,167,234220,1826,16364,47623,5658,40925,13763,2998,12400,22063,71219,24785,14050,9549,42800,636860,429030,323961,39462
5001500US2606,2606,"Congressional District 6 (115th Congress), Michigan",Michigan,345564,16613,181,210839,7021,18682,75190,7689,37114,13616,3485,18013,26812,79005,33296,17183,8458,51477,665070,502464,269475,46334
5001500US2607,2607,"Congressional District 7 (115th Congress), Michigan",Michigan,321409,16765,187,228417,4323,17582,66190,6034,37213,18599,4485,14198,26805,75676,21368,16338,12598,56427,649820,519456,247099,34494
5001500US2608,2608,"Congressional District 8 (115th Congress), Michigan",Michigan,368210,22595,434,203107,1382,19612,60550,10495,36751,12425,5543,25448,40372,87601,38165,14651,15215,66495,698541,589442,211550,31992
5001500US2609,2609,"Congressional District 9 (115th Congress), Michigan",Michigan,355662,19851,200,209486,483,14615,67719,10295,35682,15173,5889,24440,43689,74231,33634,17733,12079,56582,669480,514832,258996,36973
5001500US2610,2610,"Congressional District 10 (115th Congress), Michigan",Michigan,335096,19682,796,228646,5525,23620,74688,7057,36139,11553,4276,18302,29185,70537,25036,16868,12310,60934,673844,548881,246975,34170
5001500US2611,2611,"Congressional District 11 (115th Congress), Michigan",Michigan,375651,16117,29,199292,479,15236,75403,10073,37873,12314,7314,26894,53360,81280,28713,16193,10519,79805,704910,616350,186144,24843
5001500US2612,2612,"Congressional District 12 (115th Congress), Michigan",Michigan,337946,18773,131,219681,1267,12957,54394,6955,33653,18496,5354,15544,33411,98926,34309,14351,8329,55506,675497,520960,248432,27561
5001500US2613,2613,"Congressional District 13 (115th Congress), Michigan",Michigan,260908,33233,36,220228,1078,11708,40599,6086,30282,15774,5023,15240,27305,54951,29031,14487,9344,33995,606472,331637,357489,48646
5001500US2614,2614,"Congressional District 14 (115th Congress), Michigan",Michigan,294950,38008,281,221001,485,8501,47303,5817,30016,13368,5780,21732,38424,70440,31703,13606,7775,42695,648705,408952,335186,44415
5001500US2701,2701,"Congressional District 1 (115th Congress), Minnesota",Minnesota,355966,14382,404,163244,16839,25791,56504,9523,39086,13538,5887,14188,17853,106185,25400,14381,10791,60424,630486,508618,222418,31565
5001500US2702,2702,"Congressional District 2 (115th Congress), Minnesota",Minnesota,389829,13919,464,141217,5676,19745,46919,12372,44215,22476,8478,36205,42192,86701,32554,16167,16129,80128,669531,577216,179687,25714
5001500US2703,2703,"Congressional District 3 (115th Congress), Minnesota",Minnesota,382427,10534,66,164473,1991,18491,52746,11960,45139,13961,6642,41999,54930,82996,27594,15070,8908,84689,685219,586726,188327,21814
5001500US2704,2704,"Congressional District 4 (115th Congress), Minnesota",Minnesota,364667,16210,391,172820,1122,12613,47575,10230,38728,14883,8458,29100,42667,96562,29451,18527,14751,66175,667399,506439,246784,27456
5001500US2705,2705,"Congressional District 5 (115th Congress), Minnesota",Minnesota,400502,21343,119,154735,1985,16303,43000,8754,43930,16799,8339,33713,56765,97658,44614,19171,9471,59115,663742,492284,242402,38095
5001500US2706,2706,"Congressional District 6 (115th Congress), Minnesota",Minnesota,381138,11911,133,147761,4187,29017,61808,12552,44548,19990,5275,25207,33359,86328,30192,16655,12020,77049,671232,575928,179536,19225
5001500US2707,2707,"Congressional District 7 (115th Congress), Minnesota",Minnesota,335843,13714,91,178009,20806,25499,53067,11041,38700,14647,4997,14352,18108,83039,24284,15607,11696,52620,626314,476133,259981,33371
5001500US2708,2708,"Congressional District 8 (115th Congress), Minnesota",Minnesota,311274,14505,692,212740,9089,26491,34087,7178,35527,15726,3941,14591,21016,83121,31859,13659,14989,53676,623569,472626,271890,27706
5001500US2801,2801,"Congressional District 1 (115th Congress), Mississippi",Mississippi,330223,18812,1870,252183,3217,20981,61266,11840,46222,22880,3718,13109,20401,71730,28253,15675,10931,43194,674455,488945,271857,79530
5001500US2802,2802,"Congressional District 2 (115th Congress), Mississippi",Mississippi,261368,33059,187,252994,8487,15112,33485,6468,28190,14818,3257,12182,15830,66329,25191,13185,18834,34392,596877,344207,322777,90027
5001500US2803,2803,"Congressional District 3 (115th Congress), Mississippi",Mississippi,314646,20947,1399,256076,10363,19263,32103,7102,36612,19355,4996,17755,23167,87251,24907,16146,15626,45115,653811,466051,274151,79612
5001500US2804,2804,"Congressional District 4 (115th Congress), Mississippi",Mississippi,321575,30076,7896,246090,9342,23639,38028,5710,36213,17716,2865,15944,21502,75142,44041,13631,17802,45192,652844,459860,284538,97012
5001500US2901,2901,"Congressional District 1 (115th Congress), Missouri",Missouri,362548,29669,711,200666,769,11282,34910,7298,36124,20099,8221,28561,41873,102212,40816,16470,13913,45172,652795,478794,240059,74130
5001500US2902,2902,"Congressional District 2 (115th Congress), Missouri",Missouri,395785,12967,276,207692,1826,20925,42931,13854,40795,15391,10078,41667,52486,91881,37098,18513,8340,79724,720583,634086,174859,33053
5001500US2903,2903,"Congressional District 3 (115th Congress), Missouri",Missouri,384872,15021,224,218532,3045,31536,48363,10431,49015,19646,7440,26359,32340,81547,37023,16740,21387,61929,725207,601460,209324,47072
5001500US2904,2904,"Congressional District 4 (115th Congress), Missouri",Missouri,335064,16005,18012,242123,9481,22945,40443,8707,39711,16108,4926,18209,23625,86592,29745,18881,15691,48065,661882,515419,247763,69280
5001500US2905,2905,"Congressional District 5 (115th Congress), Missouri",Missouri,379040,22459,287,202896,2437,25758,38487,9255,42331,23299,10016,25237,49128,82843,37697,17067,15485,48693,671467,516059,239875,84031
5001500US2906,2906,"Congressional District 6 (115th Congress), Missouri",Missouri,372410,15325,950,219473,9706,21123,49793,11069,42608,21889,6435,21741,30849,91568,28505,14994,22130,58532,689565,573232,211496,58173
5001500US2907,2907,"Congressional District 7 (115th Congress), Missouri",Missouri,360221,18461,398,239708,6589,25348,41512,11481,51139,20282,6134,18818,28665,79459,40394,20487,9913,44619,683839,511939,264961,84671
5001500US2908,2908,"Congressional District 8 (115th Congress), Missouri",Missouri,302924,19538,588,270399,10753,19596,41973,8077,39509,17737,4258,13978,17523,76467,23540,14637,14876,40639,639938,433100,297061,81513
5001500US3000,3000,"Congressional District (at Large) (115th Congress), Montana",Montana,503850,25373,3011,306740,32422,42296,21685,13461,59818,24833,8859,28096,41735,117124,61623,23834,28064,50027,944094,702358,388177,83416
5001500US3101,3101,"Congressional District 1 (115th Congress), Nebraska",Nebraska,336004,12785,3582,149959,10080,21581,37130,7660,37491,17384,6375,24797,30724,81117,27920,14505,19240,58537,579892,491437,167217,48339
5001500US3102,3102,"Congressional District 2 (115th Congress), Nebraska",Nebraska,345300,13586,1836,145463,2602,24625,29211,10326,40316,21648,7787,33909,42739,81270,27396,13690,9781,62621,594545,494523,161238,57773
5001500US3103,3103,"Congressional District 3 (115th Congress), Nebraska",Nebraska,306490,11380,254,157395,27510,21728,37531,9671,35841,21148,5432,12812,16178,72203,20665,14091,11680,50985,542654,441358,184401,54451
5001500US3201,3201,"Congressional District 1 (115th Congress), Nevada",Nevada,339861,27736,226,206415,399,26487,11079,3159,43920,17690,4024,15298,39906,35871,118134,18393,5501,38000,585353,358485,278496,131238
5001500US3202,3202,"Congressional District 2 (115th Congress), Nevada",Nevada,342337,21317,873,210053,13737,23790,25570,10378,39579,22129,6189,15212,33506,58565,57080,14494,22108,58214,641069,487859,246566,64538
5001500US3203,3203,"Congressional District 3 (115th Congress), Nevada",Nevada,377919,25059,850,221901,706,16408,10978,7337,44506,21419,8069,27069,44094,64842,102663,16941,12887,68396,720847,585654,220312,56130
5001500US3204,3204,"Congressional District 4 (115th Congress), Nevada",Nevada,315047,24277,4598,221143,4503,24611,10938,6987,36917,16758,5652,16537,32020,52644,73480,17364,16636,55712,628080,449187,258351,78512
5001500US3301,3301,"Congressional District 1 (115th Congress), New Hampshire",New Hampshire,373350,13896,1679,170030,1421,23505,47081,10189,49363,13399,8844,27525,41810,85094,35544,14627,14948,71277,625136,513709,199598,38253
5001500US3302,3302,"Congressional District 2 (115th Congress), New Hampshire",New Hampshire,346573,13046,965,188511,2210,25610,40884,9709,42871,12998,6071,19131,35397,91311,28730,16116,15535,70524,613654,493999,212254,39424
5001500US3401,3401,"Congressional District 1 (115th Congress), New Jersey",New Jersey,367158,25284,128,194652,631,20127,26296,12317,47640,21282,7478,27179,43479,96164,32267,14039,18259,68208,683178,524085,256481,41917
5001500US3402,3402,"Congressional District 2 (115th Congress), New Jersey",New Jersey,329548,29149,1424,226823,6041,22323,23912,9989,35770,17712,3825,15210,29982,83113,47619,14883,19169,60756,651954,481497,271804,54610
5001500US3403,3403,"Congressional District 3 (115th Congress), New Jersey",New Jersey,356104,23133,5521,223271,1166,23340,23753,11427,46589,19227,9012,24142,42732,91193,26952,12914,23657,74537,689364,573793,236666,32380
5001500US3404,3404,"Congressional District 4 (115th Congress), New Jersey",New Jersey,344795,18813,288,212925,566,25095,22062,9074,37761,14541,10847,32988,46090,87969,26818,13839,17145,78511,683997,540239,248539,42863
5001500US3405,3405,"Congressional District 5 (115th Congress), New Jersey",New Jersey,378833,21501,139,197493,1948,19754,32808,14718,39340,16188,11558,37516,51749,96505,28647,17169,10933,100219,699149,607961,174878,36330
5001500US3406,3406,"Congressional District 6 (115th Congress), New Jersey",New Jersey,368126,22811,148,217509,624,20600,32455,12873,42585,28041,9238,31711,55116,78023,28936,14426,13498,79229,680253,553050,200637,62723
5001500US3407,3407,"Congressional District 7 (115th Congress), New Jersey",New Jersey,384433,15559,98,191459,1978,21237,40783,13490,34226,16691,14557,43545,59396,83732,28731,13914,12153,106896,693369,616749,160630,30209
5001500US3408,3408,"Congressional District 8 (115th Congress), New Jersey",New Jersey,407520,28048,319,193706,172,25581,32144,15320,49086,38127,12201,40172,58608,70242,34545,19127,12195,57391,642365,428709,261420,129502
5001500US3409,3409,"Congressional District 9 (115th Congress), New Jersey",New Jersey,373989,18567,696,217552,467,23268,40836,14491,43914,25002,9129,25324,49916,79674,30058,20847,11063,64964,659394,447999,274991,97716
5001500US3410,3410,"Congressional District 10 (115th Congress), New Jersey",New Jersey,348628,35367,272,211056,137,14644,21788,9491,36782,37306,9590,24521,42755,93003,28663,15734,14214,50100,657718,432132,279306,89752
5001500US3411,3411,"Congressional District 11 (115th Congress), New Jersey",New Jersey,383796,18899,94,195164,1058,18624,37159,12639,38963,15337,15120,44538,59936,86986,26341,14292,12803,108260,694486,606622,175185,32271
5001500US3412,3412,"Congressional District 12 (115th Congress), New Jersey",New Jersey,367463,25867,72,213273,924,18904,32468,12116,33390,23183,10532,34313,59362,87195,25174,13114,16788,85744,697381,574746,206702,54697
5001500US3501,3501,"Congressional District 1 (115th Congress), New Mexico",New Mexico,326833,20116,2541,216955,3161,21607,14093,5908,36461,10201,6884,18459,50177,87171,36034,15958,20719,49570,644431,406778,318844,50655
5001500US3502,3502,"Congressional District 2 (115th Congress), New Mexico",New Mexico,274294,25067,3873,240025,18014,20867,9022,6074,30096,14247,4092,11395,21197,70695,32517,14378,21700,41797,607421,341031,351868,66188
5001500US3503,3503,"Congressional District 3 (115th Congress), New Mexico",New Mexico,279549,26156,2823,232728,9335,17433,10375,4547,33900,11219,3688,12332,31765,70411,34823,15174,24547,49210,606460,379019,314783,70846
5001500US3601,3601,"Congressional District 1 (115th Congress), New York",New York,352015,18371,446,217211,3130,28508,17926,13282,41519,20671,8507,20825,43982,96507,24422,14947,17789,90435,675544,559420,225882,35188
5001500US3602,3602,"Congressional District 2 (115th Congress), New York",New York,370978,19449,317,183566,602,24134,30274,14375,41823,23968,9734,27106,38454,97491,28927,14856,19234,93362,670123,543961,218077,40297
5001500US3603,3603,"Congressional District 3 (115th Congress), New York",New York,355674,13570,88,228922,1231,19931,19631,15249,37781,15818,13226,39960,47730,90630,25068,15924,13495,111504,699075,598520,204894,25974
5001500US3604,3604,"Congressional District 4 (115th Congress), New York",New York,358206,16066,184,206558,625,20697,15051,10855,39157,18126,8880,35109,46432,99752,26609,18413,18500,100178,682351,568769,210438,35607
5001500US3605,3605,"Congressional District 5 (115th Congress), New York",New York,381407,34116,793,219525,302,25477,11565,7331,42696,39141,6577,25514,34371,120644,26284,19408,22097,66529,726719,463081,323164,60730
5001500US3606,3606,"Congressional District 6 (115th Congress), New York",New York,370630,20871,320,233886,769,23700,14469,9919,37526,24292,10791,39043,37696,83978,41761,31697,14989,61956,672608,442771,291206,76611
5001500US3607,3607,"Congressional District 7 (115th Congress), New York",New York,365936,24329,59,213595,853,19629,18660,6966,36166,18457,18623,26931,59507,74346,55561,20426,9811,55207,688349,380789,360306,69973
5001500US3608,3608,"Congressional District 8 (115th Congress), New York",New York,355320,33432,209,242414,555,17843,10906,6286,34399,24451,14712,23594,43717,106114,35699,17499,19545,51634,713985,442653,332710,53426
5001500US3609,3609,"Congressional District 9 (115th Congress), New York",New York,348472,25368,189,211139,110,14209,7660,6641,30789,25449,13844,27880,47510,113274,29600,18335,13171,54895,681798,414959,327371,53730
5001500US3610,3610,"Congressional District 10 (115th Congress), New York",New York,375870,20048,0,188258,418,11914,13745,9097,28377,11143,21049,59040,75503,92127,31410,14675,7372,85756,666241,469557,262940,40691
5001500US3611,3611,"Congressional District 11 (115th Congress), New York",New York,332063,19807,353,238560,203,22969,8992,7355,34365,26591,9353,33260,36592,90758,25244,16180,20201,71072,690442,487893,271560,40281
5001500US3612,3612,"Congressional District 12 (115th Congress), New York",New York,438169,18857,75,179844,114,8524,14516,12549,27176,8959,28451,82913,100228,83494,42411,17853,10981,100281,683503,569886,171208,27738
5001500US3613,3613,"Congressional District 13 (115th Congress), New York",New York,386294,36696,75,240549,161,12313,11370,4677,43273,19950,14850,27714,44778,103914,67355,26231,9708,41103,732254,360662,417028,74139
5001500US3614,3614,"Congressional District 14 (115th Congress), New York",New York,339766,19347,0,201987,421,30048,12830,7051,34079,26629,10566,21047,34978,75127,54217,19708,13065,53512,597770,357537,304259,82094
5001500US3615,3615,"Congressional District 15 (115th Congress), New York",New York,299197,37519,149,238431,320,13301,10532,4024,36067,24174,3395,19003,24664,94182,41741,19489,8305,29234,694294,282150,482955,71200
5001500US3616,3616,"Congressional District 16 (115th Congress), New York",New York,346935,27689,0,218780,297,19668,10974,7310,34184,18083,9524,30651,41204,114119,28770,16313,15838,69086,683103,499395,282378,44986
5001500US3617,3617,"Congressional District 17 (115th Congress), New York",New York,356472,21008,23,205610,1114,25663,18389,9304,33856,13948,9902,30834,48496,97613,33458,19922,13973,94451,681555,508062,259278,54607
5001500US3618,3618,"Congressional District 18 (115th Congress), New York",New York,347640,17755,3472,208106,2140,23753,20972,9155,42935,19119,8151,23740,36007,93929,29176,17772,20791,80493,674497,535647,231131,32959
5001500US3619,3619,"Congressional District 19 (115th Congress), New York",New York,328970,21145,414,234210,6726,25701,23077,7708,38596,14233,7078,16967,27240,90180,33643,15767,22054,59619,647247,487775,265392,34292
5001500US3620,3620,"Congressional District 20 (115th Congress), New York",New York,367229,19977,2915,206962,1417,16053,24992,7813,43750,12277,6728,24226,42881,100698,33494,15687,37213,64226,686729,540045,254701,25454
5001500US3621,3621,"Congressional District 21 (115th Congress), New York",New York,313911,20070,10480,240383,9131,22525,28353,5658,41485,13842,4630,12579,22299,84007,31769,13059,24574,52350,644077,479235,279346,34389
5001500US3622,3622,"Congressional District 22 (115th Congress), New York",New York,317693,19542,572,238947,6758,17099,34481,6640,35100,13974,5927,17137,24206,95908,29477,14129,16857,52967,666435,481284,291465,24530
5001500US3623,3623,"Congressional District 23 (115th Congress), New York",New York,311737,19731,107,245958,8322,18700,41370,5496,34683,10441,3656,10444,22672,96843,30320,14930,13860,48730,648868,471991,284595,40617
5001500US3624,3624,"Congressional District 24 (115th Congress), New York",New York,339175,20939,90,215583,6155,21634,32577,9369,42773,15460,5999,18258,28624,96819,30803,16170,14534,56388,667788,507796,272783,29784
5001500US3625,3625,"Congressional District 25 (115th Congress), New York",New York,352177,22001,78,212719,1137,14409,39702,6279,40942,11095,8141,18951,42196,113701,30242,15494,9888,53723,687759,519261,275161,26041
5001500US3626,3626,"Congressional District 26 (115th Congress), New York",New York,328576,18552,662,233715,891,11527,31643,8329,39087,15527,5433,27569,30252,93963,35473,14547,14335,47358,680884,459320,320098,22745
5001500US3627,3627,"Congressional District 27 (115th Congress), New York",New York,362956,13710,121,217381,7257,22822,46989,10242,42376,14962,5414,24328,31648,88599,32450,15832,20037,62698,678904,560667,233622,24611
5001500US3701,3701,"Congressional District 1 (115th Congress), North Carolina",North Carolina,331237,26569,642,248237,5730,21256,41056,7467,36589,13374,5643,14969,27867,95121,30273,17830,14062,40895,648031,448158,291885,85192
5001500US3702,3702,"Congressional District 2 (115th Congress), North Carolina",North Carolina,389321,22678,5312,211666,5762,26512,44367,11185,46318,14519,11392,25067,51606,85881,29433,17469,19810,65792,743133,600817,232354,65707
5001500US3703,3703,"Congressional District 3 (115th Congress), North Carolina",North Carolina,303651,27625,35899,237000,8372,24090,27735,5658,38272,13798,3266,12163,23851,73839,34209,17315,21083,47565,631619,475441,272142,76525
5001500US3704,3704,"Congressional District 4 (115th Congress), North Carolina",North Carolina,461457,20812,485,195357,1569,21619,35169,9711,42455,15126,12388,33983,81724,113218,48618,24744,21133,70587,768236,657024,187020,70486
5001500US3705,3705,"Congressional District 5 (115th Congress), North Carolina",North Carolina,334319,20396,778,254782,3990,24258,47844,8614,43237,14238,4662,21298,26169,81798,31099,16934,10178,45001,658678,491299,267236,82724
5001500US3706,3706,"Congressional District 6 (115th Congress), North Carolina",North Carolina,348643,23044,796,240460,5321,22826,58603,8021,43156,14996,4427,15212,31506,82874,29347,17220,15134,47335,672392,494816,277612,82960
5001500US3707,3707,"Congressional District 7 (115th Congress), North Carolina",North Carolina,326058,26292,3411,281855,10495,26975,34090,6028,44693,15375,5443,17192,32553,71252,33051,14077,14834,45002,671492,475018,311734,95838
5001500US3708,3708,"Congressional District 8 (115th Congress), North Carolina",North Carolina,328543,25413,25930,228524,3624,22531,36745,8317,41186,12717,5277,17862,24799,84198,32741,15584,22962,50570,673358,515308,268307,67248
5001500US3709,3709,"Congressional District 9 (115th Congress), North Carolina",North Carolina,343802,22644,2061,235591,5746,24532,42354,10153,37024,17512,6537,34428,31287,78874,24856,17995,12504,55913,698431,534198,251630,68493
5001500US3710,3710,"Congressional District 10 (115th Congress), North Carolina",North Carolina,347880,24467,113,247936,3359,21111,55347,10760,44978,18515,5330,16063,30266,76409,36636,16715,12391,46508,676956,499320,281020,74222
5001500US3711,3711,"Congressional District 11 (115th Congress), North Carolina",North Carolina,320634,18797,354,281095,5662,23990,48555,7292,41511,11430,4084,13765,23803,73201,37112,18062,12167,43855,654587,461081,318057,86068
5001500US3712,3712,"Congressional District 12 (115th Congress), North Carolina",North Carolina,450729,26049,580,188235,699,28916,34707,15139,51437,30021,10651,57888,61450,78555,49254,22722,9290,59268,740498,571917,229530,104265
5001500US3713,3713,"Congressional District 13 (115th Congress), North Carolina",North Carolina,359975,24277,501,232921,3158,18619,61375,12152,47214,17677,4095,23165,31550,74823,36546,19039,10562,47440,682020,502841,270816,78671
5001500US3800,3800,"Congressional District (at Large) (115th Congress), North Dakota",North Dakota,407369,11782,6641,174334,34399,30865,26926,15041,45109,25000,6133,26020,27363,102054,32315,17506,18638,60656,689348,596899,193110,52138
5001500US3901,3901,"Congressional District 1 (115th Congress), Ohio",Ohio,354156,23965,264,199324,1020,18664,44682,9991,39930,17650,5985,25919,44127,84795,33135,16422,11836,55712,689356,517016,245405,37584
5001500US3902,3902,"Congressional District 2 (115th Congress), Ohio",Ohio,353311,17765,172,209569,2053,18726,46402,8865,41049,16000,4639,26379,40320,85393,33747,17219,12519,55472,682499,505696,263534,34533
5001500US3903,3903,"Congressional District 3 (115th Congress), Ohio",Ohio,390395,29897,378,187852,770,17281,28595,9945,50483,28290,7992,37422,44639,93913,39342,17006,14717,45860,706288,470981,295525,75405
5001500US3904,3904,"Congressional District 4 (115th Congress), Ohio",Ohio,335355,17277,434,220742,4446,19031,83808,6816,36823,16546,4322,13694,23706,71920,27727,14832,11684,52632,655185,500269,258868,36881
5001500US3905,3905,"Congressional District 5 (115th Congress), Ohio",Ohio,363290,16720,692,198932,5841,18866,83636,8970,41153,16329,4347,14918,26527,84659,32775,15652,9617,57171,684163,554759,236962,29083
5001500US3906,3906,"Congressional District 6 (115th Congress), Ohio",Ohio,303307,18766,105,251984,8352,19971,42731,7089,41971,20915,3929,12184,18555,79891,23223,14910,9586,46839,646106,445808,301661,40031
5001500US3907,3907,"Congressional District 7 (115th Congress), Ohio",Ohio,344600,19360,496,211491,7245,24165,69566,8580,37707,16891,5288,14805,26872,79025,27772,16426,10258,53374,663481,498394,271122,56702
5001500US3908,3908,"Congressional District 8 (115th Congress), Ohio",Ohio,347052,19005,307,211335,4823,18021,71788,10897,37755,15923,4095,19285,31500,73200,32271,13968,13526,58213,682020,516615,259486,38299
5001500US3909,3909,"Congressional District 9 (115th Congress), Ohio",Ohio,328345,29004,373,209505,1841,17043,49897,9053,39320,16306,5152,16673,28171,74612,41256,16247,12774,41417,658350,423037,323651,40827
5001500US3910,3910,"Congressional District 10 (115th Congress), Ohio",Ohio,329536,22220,4276,224602,1409,14942,43770,7893,40279,15759,6971,16240,35769,82506,31976,13830,18192,49988,668270,482266,282638,39582
5001500US3911,3911,"Congressional District 11 (115th Congress), Ohio",Ohio,298834,34559,52,226967,712,9667,36748,7598,28082,14972,5895,19999,30082,87775,32195,13443,11666,35735,639789,381815,337293,41280
5001500US3912,3912,"Congressional District 12 (115th Congress), Ohio",Ohio,382855,14424,615,204873,2833,14411,42408,11766,43198,17784,7424,39875,45676,92490,34200,16036,14754,67415,717035,581371,224913,30655
5001500US3913,3913,"Congressional District 13 (115th Congress), Ohio",Ohio,328838,24218,403,233699,2166,13328,52880,9091,45357,15593,5795,14069,25757,84787,34289,15200,10526,42430,659984,447590,304989,39942
5001500US3914,3914,"Congressional District 14 (115th Congress), Ohio",Ohio,352027,13783,100,213437,3833,18618,63758,10572,36068,11659,4973,28287,37098,83986,26461,16013,10701,63362,665060,539247,221260,37448
5001500US3915,3915,"Congressional District 15 (115th Congress), Ohio",Ohio,360445,16191,323,223450,3686,22635,38541,9146,43057,20950,6926,30292,32155,93758,26127,14580,18592,61514,689497,522649,251301,33716
5001500US3916,3916,"Congressional District 16 (115th Congress), Ohio",Ohio,371456,14941,46,205410,3958,17736,60224,11807,44190,17565,5461,26122,35291,87224,32006,18481,11391,64197,689037,565113,226125,31760
5001500US4001,4001,"Congressional District 1 (115th Congress), Oklahoma",Oklahoma,381877,23800,263,210879,9331,26732,44669,12674,46338,19751,9968,23970,37584,80806,38488,19938,11628,52319,686801,523010,252457,104904
5001500US4002,4002,"Congressional District 2 (115th Congress), Oklahoma",Oklahoma,289643,25017,351,277530,13604,20152,34935,6040,34633,17822,4468,12646,17303,65435,30095,14220,18290,40770,602066,396440,304691,130605
5001500US4003,4003,"Congressional District 3 (115th Congress), Oklahoma",Oklahoma,340955,19571,2739,246876,25984,23908,29655,7911,41775,21069,6530,14730,22830,73573,32390,16347,24253,47724,662852,503600,254015,96617
5001500US4004,4004,"Congressional District 4 (115th Congress), Oklahoma",Oklahoma,355233,20261,10603,230335,12972,23164,29074,6272,42925,18320,5824,18033,28810,85025,35890,16864,32060,55183,675904,535664,240229,82872
5001500US4005,4005,"Congressional District 5 (115th Congress), Oklahoma",Oklahoma,375039,22243,1085,229349,13320,32252,27480,10880,45078,13247,5553,22978,38706,76969,42071,19752,26753,49616,688416,502272,277853,114660
5001500US4101,4101,"Congressional District 1 (115th Congress), Oregon",Oregon,424332,19234,790,221131,9897,24786,69445,12041,49515,15841,9576,26483,55548,83854,34407,18308,14631,72097,787031,620003,269915,37333
5001500US4102,4102,"Congressional District 2 (115th Congress), Oregon",Oregon,350216,26320,548,278173,21176,22634,33192,9770,47478,15580,6230,16922,27926,73551,41862,16609,17286,49837,731727,491946,372128,64193
5001500US4103,4103,"Congressional District 3 (115th Congress), Oregon",Oregon,443967,23638,535,216865,5305,22198,41820,15025,47440,25325,10443,28026,58901,105542,47954,19353,16635,63231,777234,575907,289249,52759
5001500US4104,4104,"Congressional District 4 (115th Congress), Oregon",Oregon,340191,28724,362,294555,11144,19454,34449,9160,44477,12443,4971,15522,28897,94149,33031,16926,15568,46749,740145,506896,365011,51132
5001500US4105,4105,"Congressional District 5 (115th Congress), Oregon",Oregon,381976,19725,444,255926,16084,26804,38949,11565,44112,18064,5957,22077,39035,82807,34768,18492,23262,60395,765450,573415,317555,47349
5001500US4201,4201,"Congressional District 1 (115th Congress), Pennsylvania",Pennsylvania,322273,32883,274,214784,2543,16468,21574,7226,33736,18844,6642,20227,35666,90125,36611,16929,15682,45025,646226,399134,309890,67990
5001500US4202,4202,"Congressional District 2 (115th Congress), Pennsylvania",Pennsylvania,309464,30225,54,247373,215,7707,17079,4294,24686,16793,7633,24763,39184,108523,26608,16491,15488,41320,656357,441205,294225,48589
5001500US4203,4203,"Congressional District 3 (115th Congress), Pennsylvania",Pennsylvania,318777,18501,288,233315,5547,16963,49965,8033,35575,15968,4924,17165,26052,82639,29156,14376,12414,51289,647503,492693,269071,32395
5001500US4204,4204,"Congressional District 4 (115th Congress), Pennsylvania",Pennsylvania,359673,18292,488,210318,3671,21542,48627,9605,42046,21880,4964,22313,39318,78525,28454,17938,20790,61333,678775,538567,247534,36214
5001500US4205,4205,"Congressional District 5 (115th Congress), Pennsylvania",Pennsylvania,307588,18862,241,258128,7039,14582,46598,5176,32956,14244,4337,13230,17996,93291,30210,14370,13559,48410,637505,493824,257947,37232
5001500US4206,4206,"Congressional District 6 (115th Congress), Pennsylvania",Pennsylvania,386184,18811,177,188467,2851,20769,50864,13005,42446,17696,7409,35388,53723,86870,31391,15453,8319,82139,700120,598655,201335,28541
5001500US4207,4207,"Congressional District 7 (115th Congress), Pennsylvania",Pennsylvania,353806,19288,273,199039,3958,20850,38621,10734,36664,16250,7734,30527,46211,88425,25494,16786,11552,85881,661581,569460,197659,37398
5001500US4208,4208,"Congressional District 8 (115th Congress), Pennsylvania",Pennsylvania,367413,14129,327,198236,1472,23133,44483,10551,43800,15560,7294,32274,45956,84501,29493,16150,12746,80199,677592,583050,200456,26301
5001500US4209,4209,"Congressional District 9 (115th Congress), Pennsylvania",Pennsylvania,301405,21712,191,244906,9744,21659,35693,8594,38175,21559,3558,12735,17360,77469,24205,15562,15092,47697,631016,472463,276795,48501
5001500US4210,4210,"Congressional District 10 (115th Congress), Pennsylvania",Pennsylvania,309044,17018,464,237487,8839,20883,43898,6935,40523,18566,4220,12930,19937,78325,24588,15294,14106,52199,633130,482121,271131,38935
5001500US4211,4211,"Congressional District 11 (115th Congress), Pennsylvania",Pennsylvania,337711,17770,787,224715,4210,20078,41322,7558,43426,25569,4112,19241,25503,82126,26949,14961,22656,53833,658374,522859,248237,32411
5001500US4212,4212,"Congressional District 12 (115th Congress), Pennsylvania",Pennsylvania,334104,16046,56,223252,3808,21857,39331,9399,39107,21205,4875,24757,33292,86430,25425,14286,10332,60387,661516,541937,241718,25651
5001500US4213,4213,"Congressional District 13 (115th Congress), Pennsylvania",Pennsylvania,350761,27429,521,203397,428,21312,31523,10889,35976,16515,6155,27363,42954,100711,27621,15254,14060,60105,668364,477850,275819,55420
5001500US4214,4214,"Congressional District 14 (115th Congress), Pennsylvania",Pennsylvania,354855,25658,317,210504,2125,14517,21963,8013,39619,16166,7407,30094,44330,106137,37560,16156,10768,44939,654070,484915,268637,32731
5001500US4215,4215,"Congressional District 15 (115th Congress), Pennsylvania",Pennsylvania,356220,20610,331,210451,4216,16215,51368,13312,39408,21233,6400,16119,35806,90916,33143,15855,12229,62755,677303,521190,257933,40661
5001500US4216,4216,"Congressional District 16 (115th Congress), Pennsylvania",Pennsylvania,353970,19055,292,195978,7295,24507,58759,10254,44443,16014,5125,16812,28725,82436,31840,17794,9966,57144,655680,487663,262355,62792
5001500US4217,4217,"Congressional District 17 (115th Congress), Pennsylvania",Pennsylvania,327108,21131,29,229744,4128,20427,42509,9239,48364,18045,6206,17922,25093,75213,29952,15553,14457,51635,648824,490594,265796,35945
5001500US4218,4218,"Congressional District 18 (115th Congress), Pennsylvania",Pennsylvania,346993,16452,774,220205,5404,21087,33934,12030,39905,21002,5460,28014,40519,84353,29977,14754,10554,63825,677009,567038,233629,20770
5001500US4401,4401,"Congressional District 1 (115th Congress), Rhode Island",Rhode Island,259160,17007,3112,160372,1046,13760,29916,5193,33375,8429,4473,17964,27398,69153,28326,11165,8962,56547,502650,364518,205646,25094
5001500US4402,4402,"Congressional District 2 (115th Congress), Rhode Island",Rhode Island,262719,16007,268,155665,1399,14240,26325,4962,32281,9219,3974,16744,25557,78349,25853,12947,10869,63976,492643,381109,183038,19872
5001500US4501,4501,"Congressional District 1 (115th Congress), South Carolina",South Carolina,367598,16574,10451,220157,1613,25824,31303,6987,43814,18182,7350,20944,49016,80134,41135,21749,19547,64973,682061,552725,250200,66188
5001500US4502,4502,"Congressional District 2 (115th Congress), South Carolina",South Carolina,327274,20422,10432,205169,2409,23118,32993,7837,38858,20282,5041,28017,31275,73441,24606,17300,22097,57253,627431,503818,220247,55538
5001500US4503,4503,"Congressional District 3 (115th Congress), South Carolina",South Carolina,301971,18768,670,230003,5046,19727,62277,6769,37792,13275,4073,13105,25205,65193,25421,14930,9158,45042,606980,447890,256538,66840
5001500US4504,4504,"Congressional District 4 (115th Congress), South Carolina",South Carolina,342383,16949,572,209675,3428,18829,61588,10319,36540,15553,5946,17735,40057,73467,31958,18366,8597,51718,633274,476752,239310,75729
5001500US4505,4505,"Congressional District 5 (115th Congress), South Carolina",South Carolina,308001,21742,3656,228110,3695,15970,52898,10324,43113,18046,5168,18814,30687,58281,22763,15723,12519,48743,631728,470631,251085,61096
5001500US4506,4506,"Congressional District 6 (115th Congress), South Carolina",South Carolina,274910,28058,6936,237853,3694,20315,29769,5371,36057,16481,3968,12268,23557,63271,31537,13050,15572,35296,573007,371649,284732,79312
5001500US4507,4507,"Congressional District 7 (115th Congress), South Carolina",South Carolina,307137,26700,130,244483,5590,20384,35968,5672,45897,11947,3457,19698,25661,59933,43750,17478,11702,43146,620801,418188,308523,81203
5001500US4600,4600,"Congressional District (at Large) (115th Congress), South Dakota",South Dakota,437627,17838,1866,216186,27191,32360,47109,12257,52000,17177,5847,31447,28387,107514,38001,18957,19380,54467,774556,623443,263070,74218
5001500US4701,4701,"Congressional District 1 (115th Congress), Tennessee",Tennessee,303143,18713,319,264878,3165,23563,44937,6923,40285,14369,3358,13574,23866,67227,37592,13768,10516,41006,635865,423141,319405,67868
5001500US4702,4702,"Congressional District 2 (115th Congress), Tennessee",Tennessee,350903,16956,545,235704,4939,22519,35357,8698,46396,17625,6873,20339,41389,81556,36412,16584,12216,50701,673847,509250,258318,59053
5001500US4703,4703,"Congressional District 3 (115th Congress), Tennessee",Tennessee,313908,18516,795,261930,2481,21016,47411,4516,37158,20848,4735,20384,28623,67212,32064,16721,10739,43938,660136,480344,274679,56793
5001500US4704,4704,"Congressional District 4 (115th Congress), Tennessee",Tennessee,364050,19304,570,225435,5527,23935,66490,8924,45984,22151,6637,21267,26866,72529,35099,14178,14463,50598,691186,523673,263891,68393
5001500US4705,4705,"Congressional District 5 (115th Congress), Tennessee",Tennessee,409098,17675,411,186390,1068,26031,31199,10060,46305,20305,13092,26633,55626,93340,48805,18731,17903,54470,672563,511096,231611,83310
5001500US4706,4706,"Congressional District 6 (115th Congress), Tennessee",Tennessee,345588,15761,592,245663,6652,25733,50266,9649,45511,20441,4750,19108,28901,71232,29855,18854,14636,50731,694206,510876,286734,59376
5001500US4707,4707,"Congressional District 7 (115th Congress), Tennessee",Tennessee,315247,20792,14821,244896,4974,21686,41258,5742,37755,17709,4786,16501,31265,73173,29045,14955,16398,53276,678125,512446,261981,60280
5001500US4708,4708,"Congressional District 8 (115th Congress), Tennessee",Tennessee,302705,19876,1236,239662,3396,15095,41071,11238,37015,21761,3063,17897,25966,71692,23933,15595,14983,54145,644437,488901,254359,48132
5001500US4709,4709,"Congressional District 9 (115th Congress), Tennessee",Tennessee,319955,29150,1121,194407,159,15192,26856,10961,38170,42727,4832,16896,32274,66739,33258,16420,15471,39761,604239,378841,290690,89105
5001500US4801,4801,"Congressional District 1 (115th Congress), Texas",Texas,295210,23046,832,241944,15419,22225,28306,8004,36437,13480,4975,12618,23532,74260,27090,17938,10926,45313,582285,417417,251023,120306
5001500US4802,4802,"Congressional District 2 (115th Congress), Texas",Texas,403151,22230,401,178905,15746,30434,40832,16265,35181,29814,5832,29037,57304,76925,32531,23637,9613,72711,674619,549160,185738,100128
5001500US4803,4803,"Congressional District 3 (115th Congress), Texas",Texas,435134,17879,462,193265,3852,20877,35900,13246,48407,13872,19419,55099,72323,87808,35151,19333,9847,88619,759545,680826,136025,80883
5001500US4804,4804,"Congressional District 4 (115th Congress), Texas",Texas,321452,19627,136,234493,6670,25300,40066,11161,42671,17648,4202,18105,26868,73106,24473,15794,15388,52481,615142,471249,231467,105803
5001500US4805,4805,"Congressional District 5 (115th Congress), Texas",Texas,336020,18437,0,228932,8957,37238,31495,9870,42800,18008,6198,21092,37406,70202,27463,15540,9751,50536,602504,420845,255247,138545
5001500US4806,4806,"Congressional District 6 (115th Congress), Texas",Texas,384075,18026,571,194399,3538,24629,43214,12645,40876,29411,5694,29509,35840,88026,36746,18934,15013,65758,663402,530025,200503,101802
5001500US4807,4807,"Congressional District 7 (115th Congress), Texas",Texas,398270,20236,224,175178,19990,24394,31442,17162,41132,17119,5803,31849,64185,77491,34969,23187,9547,71183,657004,537096,172726,112291
5001500US4808,4808,"Congressional District 8 (115th Congress), Texas",Texas,365547,18182,285,250734,17014,36715,30640,14223,42813,20793,3441,18798,36030,73607,33615,20637,17221,64861,676985,541912,210566,110705
5001500US4809,4809,"Congressional District 9 (115th Congress), Texas",Texas,378527,32639,82,194594,5112,31761,25252,10173,45518,21600,5112,19293,46047,88933,36752,30242,12732,46048,604947,393622,254881,187194
5001500US4810,4810,"Congressional District 10 (115th Congress), Texas",Texas,411258,23077,88,203178,15956,30019,37546,14065,47101,19504,7557,25195,55342,87114,33726,20016,18117,73476,723382,616927,181974,93141
5001500US4811,4811,"Congressional District 11 (115th Congress), Texas",Texas,337696,24166,3173,221920,37222,28861,22459,8966,47137,16608,6074,18848,21450,68280,30587,18499,12705,50602,608601,465783,227589,132191
5001500US4812,4812,"Congressional District 12 (115th Congress), Texas",Texas,380873,19281,816,200080,8330,34856,36264,10240,41144,25906,6354,28121,39773,80290,33396,21270,14929,62214,656301,520251,204416,104998
5001500US4813,4813,"Congressional District 13 (115th Congress), Texas",Texas,318582,15622,6824,210679,19973,25686,32989,6589,39788,17989,3547,15600,22277,70089,31008,17462,15585,50150,568688,432524,221369,104830
5001500US4814,4814,"Congressional District 14 (115th Congress), Texas",Texas,333620,22581,521,229947,5205,37998,38417,6019,32101,16830,3575,16650,38004,75402,30721,18189,14509,58103,607069,465291,212809,115810
5001500US4815,4815,"Congressional District 15 (115th Congress), Texas",Texas,300164,19932,616,234883,9630,24350,17336,7551,37844,15125,5226,15156,23663,87526,25367,15664,15726,41947,576441,335946,282756,187584
5001500US4816,4816,"Congressional District 16 (115th Congress), Texas",Texas,307359,18589,18830,211574,1771,16631,18766,9243,36897,20483,5686,14815,35845,80754,34539,11820,20109,44045,582061,390929,242015,128190
5001500US4817,4817,"Congressional District 17 (115th Congress), Texas",Texas,365192,17763,774,220114,8913,28060,33381,8924,41015,13710,6220,21259,37286,92948,31562,21657,20257,50888,644701,524805,195462,102536
5001500US4818,4818,"Congressional District 18 (115th Congress), Texas",Texas,358905,31685,206,206878,9695,37144,34002,14324,37990,27356,5313,17882,45709,67401,31364,21258,9467,42662,618569,382835,280881,159955
5001500US4819,4819,"Congressional District 19 (115th Congress), Texas",Texas,323140,16434,4003,225948,19456,26980,18126,9693,40075,17870,3477,15470,20742,85325,31006,18311,16609,47875,596307,437346,233985,106114
5001500US4820,4820,"Congressional District 20 (115th Congress), Texas",Texas,368545,25724,7205,210071,2132,32515,18846,5453,43529,16292,6693,35033,40857,89903,45763,17176,14353,49421,654880,482912,243143,125791
5001500US4821,4821,"Congressional District 21 (115th Congress), Texas",Texas,415700,16345,3630,224613,7015,29883,23039,10394,44110,13040,11623,34842,62421,90757,44014,23466,21096,68987,709335,615567,195548,85434
5001500US4822,4822,"Congressional District 22 (115th Congress), Texas",Texas,415988,27324,433,222543,18080,30318,38560,13217,39663,19244,6555,25951,56542,105220,29942,21583,11113,87901,784561,671713,169630,90688
5001500US4823,4823,"Congressional District 23 (115th Congress), Texas",Texas,322447,23091,3466,232203,20408,31221,18222,6755,35715,18966,4232,20214,28262,76336,31915,12366,17835,51293,613881,423154,251335,138146
5001500US4824,4824,"Congressional District 24 (115th Congress), Texas",Texas,446059,15507,197,166467,3012,22296,34934,14457,51858,31037,11407,52103,71872,77860,43725,21506,9992,70454,682694,578854,158511,105180
5001500US4825,4825,"Congressional District 25 (115th Congress), Texas",Texas,353091,17832,11569,221698,6113,24073,29167,11206,41194,15238,7040,23554,47845,77694,33567,17601,18799,69083,653201,548963,185076,81343
5001500US4826,4826,"Congressional District 26 (115th Congress), Texas",Texas,444440,18264,469,177163,4807,24153,36084,16541,48556,25361,15516,47968,57356,95497,40624,21104,10873,87272,765000,670830,155718,75573
5001500US4827,4827,"Congressional District 27 (115th Congress), Texas",Texas,334428,19608,2011,217355,15263,36968,27430,9237,38543,16266,3523,15620,30873,73260,35849,15998,15598,53047,602340,435651,245680,123309
5001500US4828,4828,"Congressional District 28 (115th Congress), Texas",Texas,284838,23204,2714,220954,8918,23203,12490,8208,33204,28046,3606,15358,23794,71875,24756,15143,16237,44021,557422,340200,271392,170888
5001500US4829,4829,"Congressional District 29 (115th Congress), Texas",Texas,332483,23269,0,200034,4767,61487,36453,11356,37409,22440,3184,14749,32048,49372,30245,20949,8024,41737,541925,301828,267685,222411
5001500US4830,4830,"Congressional District 30 (115th Congress), Texas",Texas,340338,21690,0,204506,1205,35618,25457,8566,39420,26947,6848,25574,35671,78120,26676,18384,11852,44689,591890,378980,259624,146893
5001500US4831,4831,"Congressional District 31 (115th Congress), Texas",Texas,391610,24835,15277,202139,2542,27375,33622,9353,46196,15380,8931,26519,50619,91720,34628,18195,26530,69228,730592,623916,204017,78902
5001500US4832,4832,"Congressional District 32 (115th Congress), Texas",Texas,402735,18468,238,165779,3487,29018,34098,11102,43016,20551,11181,43065,63445,77687,36980,22126,6979,70119,641033,511371,187258,110416
5001500US4833,4833,"Congressional District 33 (115th Congress), Texas",Texas,335938,19131,140,190705,2301,58911,38255,12459,34815,25106,3351,17220,34958,44872,35673,22223,5794,38445,527996,289065,271193,232519
5001500US4834,4834,"Congressional District 34 (115th Congress), Texas",Texas,270063,21120,764,244235,10953,20339,13618,6493,33785,11966,4056,12517,21426,81732,29018,11525,12635,37989,518109,297840,266244,188995
5001500US4835,4835,"Congressional District 35 (115th Congress), Texas",Texas,398991,20455,2159,205895,2918,49657,24588,8657,56788,16386,6960,21537,44019,76953,50253,20234,20041,48490,653707,461685,252847,156490
5001500US4836,4836,"Congressional District 36 (115th Congress), Texas",Texas,315587,24948,225,227258,8431,40198,41211,8314,34947,19274,2223,14508,30243,61985,28497,13968,11788,58984,593524,443046,220859,119396
5001500US4901,4901,"Congressional District 1 (115th Congress), Utah",Utah,351341,12895,3031,176422,9304,23154,46708,6381,42738,17168,4970,18166,36346,75163,31049,14119,26075,65896,691624,605221,153051,58378
5001500US4902,4902,"Congressional District 2 (115th Congress), Utah",Utah,357754,18087,394,192574,6658,26318,32235,10928,45447,20152,7719,20477,41320,78235,37376,15441,15448,60700,672022,553510,194535,68998
5001500US4903,4903,"Congressional District 3 (115th Congress), Utah",Utah,356062,15895,534,176962,3714,19668,30210,10299,38886,12905,11720,25614,52980,89402,35792,14790,10082,70763,692695,607939,147466,55527
5001500US4904,4904,"Congressional District 4 (115th Congress), Utah",Utah,388244,15040,1513,161918,5694,26878,38308,9021,49173,20634,9442,33498,50585,79574,34600,16567,14270,68711,703619,612348,156192,81904
5001500US5000,5000,"Congressional District (at Large) (115th Congress), Vermont",Vermont,324824,13267,493,180937,8648,22398,35359,8040,39384,10233,5569,16498,30126,86286,33514,13058,15711,57677,595628,421821,264326,22994
5001500US5101,5101,"Congressional District 1 (115th Congress), Virginia",Virginia,379857,16926,11169,207333,2026,29522,19322,7958,44711,17535,6759,23324,56197,78464,31443,19973,42623,81338,705658,619523,199192,53143
5001500US5102,5102,"Congressional District 2 (115th Congress), Virginia",Virginia,343248,19816,50959,187039,2886,24521,24489,6718,43076,15889,4387,22272,40489,75470,38029,13388,31634,66953,634445,550347,182036,55977
5001500US5103,5103,"Congressional District 3 (115th Congress), Virginia",Virginia,349517,24467,20897,195276,1313,21824,36394,7251,39715,15620,6645,15830,36791,84906,38845,18075,26308,51794,639645,497936,233797,71320
5001500US5104,5104,"Congressional District 4 (115th Congress), Virginia",Virginia,359952,26133,7634,227284,2158,21004,26286,7404,40372,22600,6488,27059,39111,87806,31973,16260,31431,54607,677552,529261,242706,59539
5001500US5105,5105,"Congressional District 5 (115th Congress), Virginia",Virginia,332705,18121,1338,253844,7516,22083,35970,6855,41465,14711,5012,17221,34456,86303,27031,17242,16840,52237,652623,510978,244291,66772
5001500US5106,5106,"Congressional District 6 (115th Congress), Virginia",Virginia,358696,19302,824,240991,6493,20783,43316,8715,47216,14348,5411,15949,31676,95754,36056,16142,16837,50061,675939,538327,239862,68308
5001500US5107,5107,"Congressional District 7 (115th Congress), Virginia",Virginia,392142,20662,1144,202322,3248,27357,24293,9028,45334,18208,7001,35049,53604,89681,34572,18949,25818,73580,705019,604283,196575,59236
5001500US5108,5108,"Congressional District 8 (115th Congress), Virginia",Virginia,450311,16542,11510,156484,747,30037,8876,4123,27426,12107,12301,27946,109365,73057,43684,34809,65833,100719,686120,617593,145997,82223
5001500US5109,5109,"Congressional District 9 (115th Congress), Virginia",Virginia,290876,20607,660,281857,8190,17742,37611,5623,38691,12487,4192,11129,21429,79241,24054,13526,16961,41698,626345,459710,277526,63647
5001500US5110,5110,"Congressional District 10 (115th Congress), Virginia",Virginia,433959,17679,2183,178526,2632,28421,22721,3897,36698,15921,14294,30023,108948,80116,34113,22171,34004,120384,763416,705369,141932,57739
5001500US5111,5111,"Congressional District 11 (115th Congress), Virginia",Virginia,424223,17899,5184,182993,352,27721,9194,4240,37262,15505,11499,28527,102832,76395,38975,25871,45850,106554,717930,648181,147996,76980
5001500US5301,5301,"Congressional District 1 (115th Congress), Washington",Washington,368250,19332,703,195671,5555,26046,51868,7614,42119,13843,11484,19978,68990,67009,24548,15893,13303,91018,700736,586289,195979,31628
5001500US5302,5302,"Congressional District 2 (115th Congress), Washington",Washington,356908,19104,9818,210387,3391,27653,51145,6834,45704,14172,8040,20528,37819,74120,37180,17860,12462,65187,669786,522963,250236,44419
5001500US5303,5303,"Congressional District 3 (115th Congress), Washington",Washington,318754,19493,1172,234932,7374,25527,34064,8944,34435,24036,5565,19008,33524,68723,28300,15512,13742,61304,679142,496505,292677,37489
5001500US5304,5304,"Congressional District 4 (115th Congress), Washington",Washington,306865,21368,362,202444,46576,18179,27329,9001,33065,17797,4550,9078,25475,64107,24483,11412,15813,52484,633390,391063,333775,74701
5001500US5305,5305,"Congressional District 5 (115th Congress), Washington",Washington,317871,19355,2969,231623,8672,20707,24523,9406,36183,13612,4889,19487,25393,90383,32096,15665,16855,51697,657734,467205,295355,37113
5001500US5306,5306,"Congressional District 6 (115th Congress), Washington",Washington,298399,20042,12655,243435,6524,19091,26071,6614,36213,17336,4831,15062,26772,68444,30123,14632,26686,60616,632464,469492,282361,43553
5001500US5307,5307,"Congressional District 7 (115th Congress), Washington",Washington,456545,20219,789,180339,2474,17859,34805,12282,55513,15573,17235,30603,91049,99288,46351,20679,12834,84579,726337,616809,181899,34710
5001500US5308,5308,"Congressional District 8 (115th Congress), Washington",Washington,359411,16897,661,193885,9159,26923,42804,11962,44620,23646,6842,19457,43146,70383,30392,13897,16180,79516,697746,563841,220397,37733
5001500US5309,5309,"Congressional District 9 (115th Congress), Washington",Washington,388268,19534,412,191370,2377,19582,38648,12766,44157,27198,10905,22727,64371,74822,42315,18577,9823,75407,689572,504306,252542,44829
5001500US5310,5310,"Congressional District 10 (115th Congress), Washington",Washington,324870,24790,15949,215673,3310,24835,26977,8822,39829,20260,4670,16533,29791,71517,26710,13442,38174,62206,669111,511940,263149,41917
5001500US5401,5401,"Congressional District 1 (115th Congress), West Virginia",West Virginia,265914,19321,174,226726,10237,15135,24548,5259,30011,13050,2966,10165,19438,77080,28347,11268,18410,45611,573993,402130,270713,31658
5001500US5402,5402,"Congressional District 2 (115th Congress), West Virginia",West Virginia,265124,19574,407,217961,6356,20868,23907,5339,28723,12100,6245,14053,22130,66636,21715,12498,24554,48358,580869,393774,278191,35350
5001500US5403,5403,"Congressional District 3 (115th Congress), West Virginia",West Virginia,209475,21896,251,252277,11023,11399,13557,3725,25427,12601,2354,10049,14074,64147,17895,11891,11333,37728,551828,327300,322845,28874
5001500US5501,5501,"Congressional District 1 (115th Congress), Wisconsin",Wisconsin,356530,18722,973,194413,3772,20138,65544,12393,48284,19938,4792,19586,27888,77919,29602,14194,12480,61589,669348,532913,229500,35198
5001500US5502,5502,"Congressional District 2 (115th Congress), Wisconsin",Wisconsin,423849,14087,490,173846,9033,20784,51399,9244,46380,13362,10698,30183,50004,111402,37466,16742,17152,65589,721003,618949,196902,30678
5001500US5503,5503,"Congressional District 3 (115th Congress), Wisconsin",Wisconsin,365801,15355,817,204841,17355,20922,57074,8384,46863,18602,6302,20503,21407,88405,30531,15270,14183,52154,664741,533401,236282,45663
5001500US5504,5504,"Congressional District 4 (115th Congress), Wisconsin",Wisconsin,335468,25634,155,190949,2281,13333,47404,7538,37982,16345,5789,17695,38303,87937,34515,14947,11399,41816,653826,412810,311559,54097
5001500US5505,5505,"Congressional District 5 (115th Congress), Wisconsin",Wisconsin,385205,13731,132,188992,4245,22245,73531,13113,40248,12846,6244,28666,37876,88596,29680,15919,11996,68162,692752,596437,198055,24428
5001500US5506,5506,"Congressional District 6 (115th Congress), Wisconsin",Wisconsin,363852,11873,280,203547,8667,19902,94213,8836,39638,15314,5452,19719,23915,73733,28176,14356,11931,57129,665213,540152,224182,29545
5001500US5507,5507,"Congressional District 7 (115th Congress), Wisconsin",Wisconsin,351259,12760,176,209920,16554,21765,64451,8063,38356,16042,4729,20875,21838,79598,29325,16448,13215,51738,653106,506280,264592,46616
5001500US5508,5508,"Congressional District 8 (115th Congress), Wisconsin",Wisconsin,380731,13808,218,188481,9605,24338,83949,11329,40255,18207,4315,24037,28250,78877,32869,14206,10494,57888,686486,552738,222178,33981
5001500US5600,5600,"Congressional District (at Large) (115th Congress), Wyoming",Wyoming,287583,17000,2391,152720,28415,23015,11402,5185,30904,18674,6264,10808,21221,70932,30823,12744,17196,59882,509514,426685,157132,66513
5001500US7298,7298,"Resident Commissioner District (at Large) (115th Congress), Puerto Rico",Puerto Rico,1052154,202760,1750,1552676,15348,56056,99750,28504,143596,39582,20238,51170,101633,242745,109712,55001,88819,20078,3175967,1331048,2083627,208181